--------------------------------------------------------
--  File created - Çarþamba-Ocak-03-2018   
--------------------------------------------------------
--------------------------------------------------------
--  DDL for Table ADD_SUBJECT_BOOK
--------------------------------------------------------

  CREATE TABLE "B21427291"."ADD_SUBJECT_BOOK" 
   (	"ADMINEMAIL" VARCHAR2(30 BYTE), 
	"ITEMID" NUMBER(*,0)
   ) SEGMENT CREATION IMMEDIATE 
  PCTFREE 10 PCTUSED 40 INITRANS 1 MAXTRANS 255 
 NOCOMPRESS LOGGING
  STORAGE(INITIAL 65536 NEXT 1048576 MINEXTENTS 1 MAXEXTENTS 2147483645
  PCTINCREASE 0 FREELISTS 1 FREELIST GROUPS 1
  BUFFER_POOL DEFAULT FLASH_CACHE DEFAULT CELL_FLASH_CACHE DEFAULT)
  TABLESPACE "USERS" ;
--------------------------------------------------------
--  DDL for Table ADD_SUBJECT_CARICATURE
--------------------------------------------------------

  CREATE TABLE "B21427291"."ADD_SUBJECT_CARICATURE" 
   (	"ADMINEMAIL" VARCHAR2(30 BYTE), 
	"ITEMID" NUMBER(*,0)
   ) SEGMENT CREATION IMMEDIATE 
  PCTFREE 10 PCTUSED 40 INITRANS 1 MAXTRANS 255 
 NOCOMPRESS LOGGING
  STORAGE(INITIAL 65536 NEXT 1048576 MINEXTENTS 1 MAXEXTENTS 2147483645
  PCTINCREASE 0 FREELISTS 1 FREELIST GROUPS 1
  BUFFER_POOL DEFAULT FLASH_CACHE DEFAULT CELL_FLASH_CACHE DEFAULT)
  TABLESPACE "USERS" ;
--------------------------------------------------------
--  DDL for Table ADD_SUBJECT_WALLPAPER
--------------------------------------------------------

  CREATE TABLE "B21427291"."ADD_SUBJECT_WALLPAPER" 
   (	"ADMINEMAIL" VARCHAR2(30 BYTE), 
	"ITEMID" NUMBER(*,0)
   ) SEGMENT CREATION IMMEDIATE 
  PCTFREE 10 PCTUSED 40 INITRANS 1 MAXTRANS 255 
 NOCOMPRESS LOGGING
  STORAGE(INITIAL 65536 NEXT 1048576 MINEXTENTS 1 MAXEXTENTS 2147483645
  PCTINCREASE 0 FREELISTS 1 FREELIST GROUPS 1
  BUFFER_POOL DEFAULT FLASH_CACHE DEFAULT CELL_FLASH_CACHE DEFAULT)
  TABLESPACE "USERS" ;
--------------------------------------------------------
--  DDL for Table ADMIN
--------------------------------------------------------

  CREATE TABLE "B21427291"."ADMIN" 
   (	"TC" VARCHAR2(11 BYTE), 
	"PASSWORD" VARCHAR2(100 BYTE), 
	"NAME" VARCHAR2(20 BYTE), 
	"SURNAME" VARCHAR2(20 BYTE), 
	"PHONENUMBER" VARCHAR2(10 BYTE), 
	"EMAIL" VARCHAR2(40 BYTE), 
	"ADDRESS" VARCHAR2(60 BYTE), 
	"MEMBERSHIPDATE" DATE
   ) SEGMENT CREATION IMMEDIATE 
  PCTFREE 10 PCTUSED 40 INITRANS 1 MAXTRANS 255 
 NOCOMPRESS LOGGING
  STORAGE(INITIAL 65536 NEXT 1048576 MINEXTENTS 1 MAXEXTENTS 2147483645
  PCTINCREASE 0 FREELISTS 1 FREELIST GROUPS 1
  BUFFER_POOL DEFAULT FLASH_CACHE DEFAULT CELL_FLASH_CACHE DEFAULT)
  TABLESPACE "USERS" ;
--------------------------------------------------------
--  DDL for Table ADMIN1
--------------------------------------------------------

  CREATE TABLE "B21427291"."ADMIN1" 
   (	"EMAIL" VARCHAR2(30 BYTE)
   ) SEGMENT CREATION IMMEDIATE 
  PCTFREE 10 PCTUSED 40 INITRANS 1 MAXTRANS 255 
 NOCOMPRESS LOGGING
  STORAGE(INITIAL 65536 NEXT 1048576 MINEXTENTS 1 MAXEXTENTS 2147483645
  PCTINCREASE 0 FREELISTS 1 FREELIST GROUPS 1
  BUFFER_POOL DEFAULT FLASH_CACHE DEFAULT CELL_FLASH_CACHE DEFAULT)
  TABLESPACE "USERS" ;
--------------------------------------------------------
--  DDL for Table ADMIN2
--------------------------------------------------------

  CREATE TABLE "B21427291"."ADMIN2" 
   (	"EMAIL" VARCHAR2(30 BYTE)
   ) SEGMENT CREATION IMMEDIATE 
  PCTFREE 10 PCTUSED 40 INITRANS 1 MAXTRANS 255 
 NOCOMPRESS LOGGING
  STORAGE(INITIAL 65536 NEXT 1048576 MINEXTENTS 1 MAXEXTENTS 2147483645
  PCTINCREASE 0 FREELISTS 1 FREELIST GROUPS 1
  BUFFER_POOL DEFAULT FLASH_CACHE DEFAULT CELL_FLASH_CACHE DEFAULT)
  TABLESPACE "USERS" ;
--------------------------------------------------------
--  DDL for Table AUTHOR
--------------------------------------------------------

  CREATE TABLE "B21427291"."AUTHOR" 
   (	"ID" NUMBER(*,0), 
	"NAME" VARCHAR2(30 BYTE), 
	"EMAIL" VARCHAR2(40 BYTE), 
	"ITEMID" NUMBER(*,0)
   ) SEGMENT CREATION IMMEDIATE 
  PCTFREE 10 PCTUSED 40 INITRANS 1 MAXTRANS 255 
 NOCOMPRESS LOGGING
  STORAGE(INITIAL 65536 NEXT 1048576 MINEXTENTS 1 MAXEXTENTS 2147483645
  PCTINCREASE 0 FREELISTS 1 FREELIST GROUPS 1
  BUFFER_POOL DEFAULT FLASH_CACHE DEFAULT CELL_FLASH_CACHE DEFAULT)
  TABLESPACE "USERS" ;
--------------------------------------------------------
--  DDL for Table BOOK
--------------------------------------------------------

  CREATE TABLE "B21427291"."BOOK" 
   (	"NUMBEROFPAGES" NUMBER(5,0), 
	"LANGUAGE" VARCHAR2(30 BYTE), 
	"ID" NUMBER(*,0)
   ) SEGMENT CREATION IMMEDIATE 
  PCTFREE 10 PCTUSED 40 INITRANS 1 MAXTRANS 255 
 NOCOMPRESS LOGGING
  STORAGE(INITIAL 65536 NEXT 1048576 MINEXTENTS 1 MAXEXTENTS 2147483645
  PCTINCREASE 0 FREELISTS 1 FREELIST GROUPS 1
  BUFFER_POOL DEFAULT FLASH_CACHE DEFAULT CELL_FLASH_CACHE DEFAULT)
  TABLESPACE "USERS" ;
--------------------------------------------------------
--  DDL for Table CARICATURE
--------------------------------------------------------

  CREATE TABLE "B21427291"."CARICATURE" 
   (	"ID" NUMBER(*,0), 
	"LANGUAGE" VARCHAR2(20 BYTE)
   ) SEGMENT CREATION IMMEDIATE 
  PCTFREE 10 PCTUSED 40 INITRANS 1 MAXTRANS 255 
 NOCOMPRESS LOGGING
  STORAGE(INITIAL 65536 NEXT 1048576 MINEXTENTS 1 MAXEXTENTS 2147483645
  PCTINCREASE 0 FREELISTS 1 FREELIST GROUPS 1
  BUFFER_POOL DEFAULT FLASH_CACHE DEFAULT CELL_FLASH_CACHE DEFAULT)
  TABLESPACE "USERS" ;
--------------------------------------------------------
--  DDL for Table CARICATURIST
--------------------------------------------------------

  CREATE TABLE "B21427291"."CARICATURIST" 
   (	"ID" NUMBER(*,0), 
	"NAME" VARCHAR2(30 BYTE), 
	"EMAIL" VARCHAR2(40 BYTE), 
	"ITEMID" NUMBER(*,0)
   ) SEGMENT CREATION IMMEDIATE 
  PCTFREE 10 PCTUSED 40 INITRANS 1 MAXTRANS 255 
 NOCOMPRESS LOGGING
  STORAGE(INITIAL 65536 NEXT 1048576 MINEXTENTS 1 MAXEXTENTS 2147483645
  PCTINCREASE 0 FREELISTS 1 FREELIST GROUPS 1
  BUFFER_POOL DEFAULT FLASH_CACHE DEFAULT CELL_FLASH_CACHE DEFAULT)
  TABLESPACE "USERS" ;
--------------------------------------------------------
--  DDL for Table DOWNLOADHISTORY
--------------------------------------------------------

  CREATE TABLE "B21427291"."DOWNLOADHISTORY" 
   (	"USEREMAIL" VARCHAR2(30 BYTE), 
	"ITEMID" NUMBER(*,0), 
	"DOWNLOADDATE" DATE
   ) SEGMENT CREATION IMMEDIATE 
  PCTFREE 10 PCTUSED 40 INITRANS 1 MAXTRANS 255 
 NOCOMPRESS LOGGING
  STORAGE(INITIAL 65536 NEXT 1048576 MINEXTENTS 1 MAXEXTENTS 2147483645
  PCTINCREASE 0 FREELISTS 1 FREELIST GROUPS 1
  BUFFER_POOL DEFAULT FLASH_CACHE DEFAULT CELL_FLASH_CACHE DEFAULT)
  TABLESPACE "USERS" ;
--------------------------------------------------------
--  DDL for Table DOWNLOADITEMADMIN
--------------------------------------------------------

  CREATE TABLE "B21427291"."DOWNLOADITEMADMIN" 
   (	"ADMINEMAIL" VARCHAR2(30 BYTE), 
	"ITEMID" NUMBER(*,0)
   ) SEGMENT CREATION IMMEDIATE 
  PCTFREE 10 PCTUSED 40 INITRANS 1 MAXTRANS 255 
 NOCOMPRESS LOGGING
  STORAGE(INITIAL 65536 NEXT 1048576 MINEXTENTS 1 MAXEXTENTS 2147483645
  PCTINCREASE 0 FREELISTS 1 FREELIST GROUPS 1
  BUFFER_POOL DEFAULT FLASH_CACHE DEFAULT CELL_FLASH_CACHE DEFAULT)
  TABLESPACE "USERS" ;
--------------------------------------------------------
--  DDL for Table DOWNLOADITEMUSER
--------------------------------------------------------

  CREATE TABLE "B21427291"."DOWNLOADITEMUSER" 
   (	"USEREMAIL" VARCHAR2(30 BYTE), 
	"ITEMID" NUMBER(*,0)
   ) SEGMENT CREATION IMMEDIATE 
  PCTFREE 10 PCTUSED 40 INITRANS 1 MAXTRANS 255 
 NOCOMPRESS LOGGING
  STORAGE(INITIAL 65536 NEXT 1048576 MINEXTENTS 1 MAXEXTENTS 2147483645
  PCTINCREASE 0 FREELISTS 1 FREELIST GROUPS 1
  BUFFER_POOL DEFAULT FLASH_CACHE DEFAULT CELL_FLASH_CACHE DEFAULT)
  TABLESPACE "USERS" ;
--------------------------------------------------------
--  DDL for Table ITEM
--------------------------------------------------------

  CREATE TABLE "B21427291"."ITEM" 
   (	"ID" NUMBER(*,0), 
	"NAME" VARCHAR2(30 BYTE), 
	"RELEASEYEAR" NUMBER(*,0), 
	"UPLOADDATE" DATE, 
	"SUBJECT" VARCHAR2(30 BYTE), 
	"DIRECTORY" VARCHAR2(200 BYTE)
   ) SEGMENT CREATION IMMEDIATE 
  PCTFREE 10 PCTUSED 40 INITRANS 1 MAXTRANS 255 
 NOCOMPRESS LOGGING
  STORAGE(INITIAL 65536 NEXT 1048576 MINEXTENTS 1 MAXEXTENTS 2147483645
  PCTINCREASE 0 FREELISTS 1 FREELIST GROUPS 1
  BUFFER_POOL DEFAULT FLASH_CACHE DEFAULT CELL_FLASH_CACHE DEFAULT)
  TABLESPACE "USERS" ;
--------------------------------------------------------
--  DDL for Table PHOTOGRAPHER
--------------------------------------------------------

  CREATE TABLE "B21427291"."PHOTOGRAPHER" 
   (	"ID" NUMBER(*,0), 
	"NAME" VARCHAR2(30 BYTE), 
	"EMAIL" VARCHAR2(40 BYTE), 
	"ITEMID" NUMBER(*,0)
   ) SEGMENT CREATION IMMEDIATE 
  PCTFREE 10 PCTUSED 40 INITRANS 1 MAXTRANS 255 
 NOCOMPRESS LOGGING
  STORAGE(INITIAL 65536 NEXT 1048576 MINEXTENTS 1 MAXEXTENTS 2147483645
  PCTINCREASE 0 FREELISTS 1 FREELIST GROUPS 1
  BUFFER_POOL DEFAULT FLASH_CACHE DEFAULT CELL_FLASH_CACHE DEFAULT)
  TABLESPACE "USERS" ;
--------------------------------------------------------
--  DDL for Table PUBLISHER
--------------------------------------------------------

  CREATE TABLE "B21427291"."PUBLISHER" 
   (	"ID" NUMBER(*,0), 
	"NAME" VARCHAR2(30 BYTE), 
	"EMAIL" VARCHAR2(40 BYTE), 
	"ITEMID" NUMBER(*,0)
   ) SEGMENT CREATION IMMEDIATE 
  PCTFREE 10 PCTUSED 40 INITRANS 1 MAXTRANS 255 
 NOCOMPRESS LOGGING
  STORAGE(INITIAL 65536 NEXT 1048576 MINEXTENTS 1 MAXEXTENTS 2147483645
  PCTINCREASE 0 FREELISTS 1 FREELIST GROUPS 1
  BUFFER_POOL DEFAULT FLASH_CACHE DEFAULT CELL_FLASH_CACHE DEFAULT)
  TABLESPACE "USERS" ;
--------------------------------------------------------
--  DDL for Table SUPERUSERREQUEST
--------------------------------------------------------

  CREATE TABLE "B21427291"."SUPERUSERREQUEST" 
   (	"EMAIL" VARCHAR2(50 BYTE)
   ) SEGMENT CREATION IMMEDIATE 
  PCTFREE 10 PCTUSED 40 INITRANS 1 MAXTRANS 255 
 NOCOMPRESS LOGGING
  STORAGE(INITIAL 65536 NEXT 1048576 MINEXTENTS 1 MAXEXTENTS 2147483645
  PCTINCREASE 0 FREELISTS 1 FREELIST GROUPS 1
  BUFFER_POOL DEFAULT FLASH_CACHE DEFAULT CELL_FLASH_CACHE DEFAULT)
  TABLESPACE "USERS" ;
--------------------------------------------------------
--  DDL for Table UKEEP
--------------------------------------------------------

  CREATE TABLE "B21427291"."UKEEP" 
   (	"USEREMAIL" VARCHAR2(30 BYTE), 
	"UPLOADID" NUMBER(*,0), 
	"REQUESTDATE" DATE
   ) SEGMENT CREATION IMMEDIATE 
  PCTFREE 10 PCTUSED 40 INITRANS 1 MAXTRANS 255 
 NOCOMPRESS LOGGING
  STORAGE(INITIAL 65536 NEXT 1048576 MINEXTENTS 1 MAXEXTENTS 2147483645
  PCTINCREASE 0 FREELISTS 1 FREELIST GROUPS 1
  BUFFER_POOL DEFAULT FLASH_CACHE DEFAULT CELL_FLASH_CACHE DEFAULT)
  TABLESPACE "USERS" ;
--------------------------------------------------------
--  DDL for Table UPLOAD_BOOK
--------------------------------------------------------

  CREATE TABLE "B21427291"."UPLOAD_BOOK" 
   (	"NUMBEROFPAGES" NUMBER(*,0), 
	"PUBLISHERNAME" VARCHAR2(30 BYTE), 
	"PUBLISHEREMAIL" VARCHAR2(40 BYTE), 
	"AUTHORNAME" VARCHAR2(30 BYTE), 
	"AUTHOREMAIL" VARCHAR2(40 BYTE), 
	"LANGUAGE" VARCHAR2(20 BYTE), 
	"UPLOADID" NUMBER(*,0)
   ) SEGMENT CREATION IMMEDIATE 
  PCTFREE 10 PCTUSED 40 INITRANS 1 MAXTRANS 255 
 NOCOMPRESS LOGGING
  STORAGE(INITIAL 65536 NEXT 1048576 MINEXTENTS 1 MAXEXTENTS 2147483645
  PCTINCREASE 0 FREELISTS 1 FREELIST GROUPS 1
  BUFFER_POOL DEFAULT FLASH_CACHE DEFAULT CELL_FLASH_CACHE DEFAULT)
  TABLESPACE "USERS" ;
--------------------------------------------------------
--  DDL for Table UPLOAD_CARICATURE
--------------------------------------------------------

  CREATE TABLE "B21427291"."UPLOAD_CARICATURE" 
   (	"UPLOADERNAME" VARCHAR2(30 BYTE), 
	"UPLOADEREMAIL" VARCHAR2(40 BYTE), 
	"CARICATURISTNAME" VARCHAR2(30 BYTE), 
	"CARICATURISTEMAIL" VARCHAR2(40 BYTE), 
	"LANGUAGE" VARCHAR2(20 BYTE), 
	"UPLOADID" NUMBER(*,0)
   ) SEGMENT CREATION IMMEDIATE 
  PCTFREE 10 PCTUSED 40 INITRANS 1 MAXTRANS 255 
 NOCOMPRESS LOGGING
  STORAGE(INITIAL 65536 NEXT 1048576 MINEXTENTS 1 MAXEXTENTS 2147483645
  PCTINCREASE 0 FREELISTS 1 FREELIST GROUPS 1
  BUFFER_POOL DEFAULT FLASH_CACHE DEFAULT CELL_FLASH_CACHE DEFAULT)
  TABLESPACE "USERS" ;
--------------------------------------------------------
--  DDL for Table UPLOAD_ITEM
--------------------------------------------------------

  CREATE TABLE "B21427291"."UPLOAD_ITEM" 
   (	"USEREMAIL" VARCHAR2(30 BYTE), 
	"UPLOADID" NUMBER(*,0), 
	"SUBJECT" VARCHAR2(30 BYTE), 
	"UPLOADDATE" DATE, 
	"NAME" VARCHAR2(30 BYTE), 
	"RELEASEYEAR" NUMBER(*,0), 
	"ITEMDIRECTORY" VARCHAR2(200 BYTE)
   ) SEGMENT CREATION IMMEDIATE 
  PCTFREE 10 PCTUSED 40 INITRANS 1 MAXTRANS 255 
 NOCOMPRESS LOGGING
  STORAGE(INITIAL 65536 NEXT 1048576 MINEXTENTS 1 MAXEXTENTS 2147483645
  PCTINCREASE 0 FREELISTS 1 FREELIST GROUPS 1
  BUFFER_POOL DEFAULT FLASH_CACHE DEFAULT CELL_FLASH_CACHE DEFAULT)
  TABLESPACE "USERS" ;
--------------------------------------------------------
--  DDL for Table UPLOAD_WALLPAPER
--------------------------------------------------------

  CREATE TABLE "B21427291"."UPLOAD_WALLPAPER" 
   (	"PHOTOGRAPHERNAME" VARCHAR2(30 BYTE), 
	"PHOTOGRAPHEREMAIL" VARCHAR2(40 BYTE), 
	"UPLOADID" NUMBER(*,0)
   ) SEGMENT CREATION IMMEDIATE 
  PCTFREE 10 PCTUSED 40 INITRANS 1 MAXTRANS 255 
 NOCOMPRESS LOGGING
  STORAGE(INITIAL 65536 NEXT 1048576 MINEXTENTS 1 MAXEXTENTS 2147483645
  PCTINCREASE 0 FREELISTS 1 FREELIST GROUPS 1
  BUFFER_POOL DEFAULT FLASH_CACHE DEFAULT CELL_FLASH_CACHE DEFAULT)
  TABLESPACE "USERS" ;
--------------------------------------------------------
--  DDL for Table UPLOADER
--------------------------------------------------------

  CREATE TABLE "B21427291"."UPLOADER" 
   (	"ID" NUMBER(*,0), 
	"NAME" VARCHAR2(30 BYTE), 
	"EMAIL" VARCHAR2(40 BYTE), 
	"ITEMID" NUMBER(*,0)
   ) SEGMENT CREATION IMMEDIATE 
  PCTFREE 10 PCTUSED 40 INITRANS 1 MAXTRANS 255 
 NOCOMPRESS LOGGING
  STORAGE(INITIAL 65536 NEXT 1048576 MINEXTENTS 1 MAXEXTENTS 2147483645
  PCTINCREASE 0 FREELISTS 1 FREELIST GROUPS 1
  BUFFER_POOL DEFAULT FLASH_CACHE DEFAULT CELL_FLASH_CACHE DEFAULT)
  TABLESPACE "USERS" ;
--------------------------------------------------------
--  DDL for Table USER1
--------------------------------------------------------

  CREATE TABLE "B21427291"."USER1" 
   (	"EMAIL" VARCHAR2(30 BYTE)
   ) SEGMENT CREATION IMMEDIATE 
  PCTFREE 10 PCTUSED 40 INITRANS 1 MAXTRANS 255 
 NOCOMPRESS LOGGING
  STORAGE(INITIAL 65536 NEXT 1048576 MINEXTENTS 1 MAXEXTENTS 2147483645
  PCTINCREASE 0 FREELISTS 1 FREELIST GROUPS 1
  BUFFER_POOL DEFAULT FLASH_CACHE DEFAULT CELL_FLASH_CACHE DEFAULT)
  TABLESPACE "USERS" ;
--------------------------------------------------------
--  DDL for Table USER2
--------------------------------------------------------

  CREATE TABLE "B21427291"."USER2" 
   (	"SUPERMEMBERSHIPDATE" DATE, 
	"EMAIL" VARCHAR2(30 BYTE)
   ) SEGMENT CREATION IMMEDIATE 
  PCTFREE 10 PCTUSED 40 INITRANS 1 MAXTRANS 255 
 NOCOMPRESS LOGGING
  STORAGE(INITIAL 65536 NEXT 1048576 MINEXTENTS 1 MAXEXTENTS 2147483645
  PCTINCREASE 0 FREELISTS 1 FREELIST GROUPS 1
  BUFFER_POOL DEFAULT FLASH_CACHE DEFAULT CELL_FLASH_CACHE DEFAULT)
  TABLESPACE "USERS" ;
--------------------------------------------------------
--  DDL for Table USERS
--------------------------------------------------------

  CREATE TABLE "B21427291"."USERS" 
   (	"TC" VARCHAR2(11 BYTE), 
	"PASSWORD" VARCHAR2(100 BYTE), 
	"NAME" VARCHAR2(20 BYTE), 
	"SURNAME" VARCHAR2(20 BYTE), 
	"PHONENUMBER" VARCHAR2(10 BYTE), 
	"ADDRESS" VARCHAR2(60 BYTE), 
	"MEMBERSHIPDATE" DATE, 
	"EMAIL" VARCHAR2(30 BYTE)
   ) SEGMENT CREATION IMMEDIATE 
  PCTFREE 10 PCTUSED 40 INITRANS 1 MAXTRANS 255 
 NOCOMPRESS LOGGING
  STORAGE(INITIAL 65536 NEXT 1048576 MINEXTENTS 1 MAXEXTENTS 2147483645
  PCTINCREASE 0 FREELISTS 1 FREELIST GROUPS 1
  BUFFER_POOL DEFAULT FLASH_CACHE DEFAULT CELL_FLASH_CACHE DEFAULT)
  TABLESPACE "USERS" ;
--------------------------------------------------------
--  DDL for Table WALLPAPER
--------------------------------------------------------

  CREATE TABLE "B21427291"."WALLPAPER" 
   (	"ID" NUMBER(*,0)
   ) SEGMENT CREATION IMMEDIATE 
  PCTFREE 10 PCTUSED 40 INITRANS 1 MAXTRANS 255 
 NOCOMPRESS LOGGING
  STORAGE(INITIAL 65536 NEXT 1048576 MINEXTENTS 1 MAXEXTENTS 2147483645
  PCTINCREASE 0 FREELISTS 1 FREELIST GROUPS 1
  BUFFER_POOL DEFAULT FLASH_CACHE DEFAULT CELL_FLASH_CACHE DEFAULT)
  TABLESPACE "USERS" ;
REM INSERTING into B21427291.ADD_SUBJECT_BOOK
SET DEFINE OFF;
REM INSERTING into B21427291.ADD_SUBJECT_CARICATURE
SET DEFINE OFF;
REM INSERTING into B21427291.ADD_SUBJECT_WALLPAPER
SET DEFINE OFF;
REM INSERTING into B21427291.ADMIN
SET DEFINE OFF;
Insert into B21427291.ADMIN (TC,PASSWORD,NAME,SURNAME,PHONENUMBER,EMAIL,ADDRESS,MEMBERSHIPDATE) values ('111','202cb962ac59075b964b07152d234b70','admin1','surname','05435278','admin1@hotmail.com','adminadress',to_date('18/12/2017','DD/MM/RRRR'));
Insert into B21427291.ADMIN (TC,PASSWORD,NAME,SURNAME,PHONENUMBER,EMAIL,ADDRESS,MEMBERSHIPDATE) values ('1234567891','202cb962ac59075b964b07152d234b70','veli','deli','053222','admin2@hotmail.com','address',to_date('19/12/2017','DD/MM/RRRR'));
Insert into B21427291.ADMIN (TC,PASSWORD,NAME,SURNAME,PHONENUMBER,EMAIL,ADDRESS,MEMBERSHIPDATE) values ('33322111444','202cb962ac59075b964b07152d234b70','adminname','sur','332','admin3@hotmail.com','universiteler mah.',to_date('04/01/2018','DD/MM/RRRR'));
Insert into B21427291.ADMIN (TC,PASSWORD,NAME,SURNAME,PHONENUMBER,EMAIL,ADDRESS,MEMBERSHIPDATE) values ('33322111444','202cb962ac59075b964b07152d234b70','adminname','sur','332','admin4@hotmail.com','universiteler mah.',to_date('04/01/2018','DD/MM/RRRR'));
Insert into B21427291.ADMIN (TC,PASSWORD,NAME,SURNAME,PHONENUMBER,EMAIL,ADDRESS,MEMBERSHIPDATE) values ('33322111444','202cb962ac59075b964b07152d234b70','adminname','sur','332','admin5@hotmail.com','universiteler mah.',to_date('04/01/2018','DD/MM/RRRR'));
Insert into B21427291.ADMIN (TC,PASSWORD,NAME,SURNAME,PHONENUMBER,EMAIL,ADDRESS,MEMBERSHIPDATE) values ('33322111444','b6d767d2f8ed5d21a44b0e5886680cb9','adminname','sur','332','admin6@hotmail.com','universiteler mah.',to_date('04/01/2018','DD/MM/RRRR'));
Insert into B21427291.ADMIN (TC,PASSWORD,NAME,SURNAME,PHONENUMBER,EMAIL,ADDRESS,MEMBERSHIPDATE) values ('33322111444','b6d767d2f8ed5d21a44b0e5886680cb9','adminname','sur','332','admin7@hotmail.com','universiteler mah.',to_date('04/01/2018','DD/MM/RRRR'));
Insert into B21427291.ADMIN (TC,PASSWORD,NAME,SURNAME,PHONENUMBER,EMAIL,ADDRESS,MEMBERSHIPDATE) values ('33322111444','b6d767d2f8ed5d21a44b0e5886680cb9','adminname','sur','332','admin8@hotmail.com','universiteler mah.',to_date('04/01/2018','DD/MM/RRRR'));
Insert into B21427291.ADMIN (TC,PASSWORD,NAME,SURNAME,PHONENUMBER,EMAIL,ADDRESS,MEMBERSHIPDATE) values ('33322111444','b6d767d2f8ed5d21a44b0e5886680cb9','adminname','sur','332','admin9@hotmail.com','universiteler mah.',to_date('04/01/2018','DD/MM/RRRR'));
Insert into B21427291.ADMIN (TC,PASSWORD,NAME,SURNAME,PHONENUMBER,EMAIL,ADDRESS,MEMBERSHIPDATE) values ('33322111444','202cb962ac59075b964b07152d234b70','adminname','sur','332','admin10@hotmail.com','universiteler mah.',to_date('04/01/2018','DD/MM/RRRR'));
REM INSERTING into B21427291.ADMIN1
SET DEFINE OFF;
Insert into B21427291.ADMIN1 (EMAIL) values ('admin10@hotmail.com');
Insert into B21427291.ADMIN1 (EMAIL) values ('admin1@hotmail.com');
Insert into B21427291.ADMIN1 (EMAIL) values ('admin3@hotmail.com');
Insert into B21427291.ADMIN1 (EMAIL) values ('admin4@hotmail.com');
Insert into B21427291.ADMIN1 (EMAIL) values ('admin5@hotmail.com');
Insert into B21427291.ADMIN1 (EMAIL) values ('admin6@hotmail.com');
Insert into B21427291.ADMIN1 (EMAIL) values ('admin7@hotmail.com');
Insert into B21427291.ADMIN1 (EMAIL) values ('admin8@hotmail.com');
Insert into B21427291.ADMIN1 (EMAIL) values ('admin9@hotmail.com');
REM INSERTING into B21427291.ADMIN2
SET DEFINE OFF;
Insert into B21427291.ADMIN2 (EMAIL) values ('admin2@hotmail.com');
REM INSERTING into B21427291.AUTHOR
SET DEFINE OFF;
Insert into B21427291.AUTHOR (ID,NAME,EMAIL,ITEMID) values ('45','pub','publi','73');
Insert into B21427291.AUTHOR (ID,NAME,EMAIL,ITEMID) values ('46','pub','publi','74');
Insert into B21427291.AUTHOR (ID,NAME,EMAIL,ITEMID) values ('53','tt','t@hotma','81');
Insert into B21427291.AUTHOR (ID,NAME,EMAIL,ITEMID) values ('50','a','a','78');
Insert into B21427291.AUTHOR (ID,NAME,EMAIL,ITEMID) values ('51','a','a','79');
Insert into B21427291.AUTHOR (ID,NAME,EMAIL,ITEMID) values ('52','a','a','80');
Insert into B21427291.AUTHOR (ID,NAME,EMAIL,ITEMID) values ('44','pub','publi','72');
Insert into B21427291.AUTHOR (ID,NAME,EMAIL,ITEMID) values ('47','pub','publi','75');
Insert into B21427291.AUTHOR (ID,NAME,EMAIL,ITEMID) values ('48','pub','publi','76');
Insert into B21427291.AUTHOR (ID,NAME,EMAIL,ITEMID) values ('49','pub','p','77');
REM INSERTING into B21427291.BOOK
SET DEFINE OFF;
Insert into B21427291.BOOK (NUMBEROFPAGES,LANGUAGE,ID) values ('102','deutsch','73');
Insert into B21427291.BOOK (NUMBEROFPAGES,LANGUAGE,ID) values ('103','English','74');
Insert into B21427291.BOOK (NUMBEROFPAGES,LANGUAGE,ID) values ('1000','English','81');
Insert into B21427291.BOOK (NUMBEROFPAGES,LANGUAGE,ID) values ('123','deutsch','78');
Insert into B21427291.BOOK (NUMBEROFPAGES,LANGUAGE,ID) values ('123','deutsch','79');
Insert into B21427291.BOOK (NUMBEROFPAGES,LANGUAGE,ID) values ('123','deutsch','80');
Insert into B21427291.BOOK (NUMBEROFPAGES,LANGUAGE,ID) values ('102','italian','72');
Insert into B21427291.BOOK (NUMBEROFPAGES,LANGUAGE,ID) values ('105','English','75');
Insert into B21427291.BOOK (NUMBEROFPAGES,LANGUAGE,ID) values ('100','french','76');
Insert into B21427291.BOOK (NUMBEROFPAGES,LANGUAGE,ID) values ('106','french','77');
REM INSERTING into B21427291.CARICATURE
SET DEFINE OFF;
Insert into B21427291.CARICATURE (ID,LANGUAGE) values ('60','english');
Insert into B21427291.CARICATURE (ID,LANGUAGE) values ('61','english');
Insert into B21427291.CARICATURE (ID,LANGUAGE) values ('62','english');
Insert into B21427291.CARICATURE (ID,LANGUAGE) values ('63','english');
Insert into B21427291.CARICATURE (ID,LANGUAGE) values ('64','english');
Insert into B21427291.CARICATURE (ID,LANGUAGE) values ('65','english');
Insert into B21427291.CARICATURE (ID,LANGUAGE) values ('66','english');
Insert into B21427291.CARICATURE (ID,LANGUAGE) values ('67','english');
Insert into B21427291.CARICATURE (ID,LANGUAGE) values ('68','english');
Insert into B21427291.CARICATURE (ID,LANGUAGE) values ('69','english');
REM INSERTING into B21427291.CARICATURIST
SET DEFINE OFF;
Insert into B21427291.CARICATURIST (ID,NAME,EMAIL,ITEMID) values ('23','caricaturist1','caricaturist@info.me','60');
Insert into B21427291.CARICATURIST (ID,NAME,EMAIL,ITEMID) values ('24','caricaturist1','caricaturist@info.me','61');
Insert into B21427291.CARICATURIST (ID,NAME,EMAIL,ITEMID) values ('25','caricaturist1','caricaturist@info.me','62');
Insert into B21427291.CARICATURIST (ID,NAME,EMAIL,ITEMID) values ('26','caricaturist1','caricaturist@info.me','63');
Insert into B21427291.CARICATURIST (ID,NAME,EMAIL,ITEMID) values ('27','caricaturist1','caricaturist@info.me','64');
Insert into B21427291.CARICATURIST (ID,NAME,EMAIL,ITEMID) values ('28','caricaturist1','caricaturist@info.me','65');
Insert into B21427291.CARICATURIST (ID,NAME,EMAIL,ITEMID) values ('29','caricaturist1','caricaturist@info.me','66');
Insert into B21427291.CARICATURIST (ID,NAME,EMAIL,ITEMID) values ('30','caricaturist1','caricaturist@info.me','67');
Insert into B21427291.CARICATURIST (ID,NAME,EMAIL,ITEMID) values ('31','caricaturist1','caricaturist@info.me','68');
Insert into B21427291.CARICATURIST (ID,NAME,EMAIL,ITEMID) values ('32','caricaturist1','caricaturist@info.me','69');
REM INSERTING into B21427291.DOWNLOADHISTORY
SET DEFINE OFF;
Insert into B21427291.DOWNLOADHISTORY (USEREMAIL,ITEMID,DOWNLOADDATE) values ('test@hotmail.com','78',to_date('04/01/2018','DD/MM/RRRR'));
Insert into B21427291.DOWNLOADHISTORY (USEREMAIL,ITEMID,DOWNLOADDATE) values ('test2@hotmail.com','62',to_date('03/01/2018','DD/MM/RRRR'));
Insert into B21427291.DOWNLOADHISTORY (USEREMAIL,ITEMID,DOWNLOADDATE) values ('test@hotmail.com','81',to_date('04/01/2018','DD/MM/RRRR'));
Insert into B21427291.DOWNLOADHISTORY (USEREMAIL,ITEMID,DOWNLOADDATE) values ('test2@hotmail.com','78',to_date('04/01/2018','DD/MM/RRRR'));
Insert into B21427291.DOWNLOADHISTORY (USEREMAIL,ITEMID,DOWNLOADDATE) values ('test2@hotmail.com','51',to_date('04/01/2018','DD/MM/RRRR'));
Insert into B21427291.DOWNLOADHISTORY (USEREMAIL,ITEMID,DOWNLOADDATE) values ('test@hotmail.com','63',to_date('03/01/2018','DD/MM/RRRR'));
Insert into B21427291.DOWNLOADHISTORY (USEREMAIL,ITEMID,DOWNLOADDATE) values ('test@hotmail.com','73',to_date('03/01/2018','DD/MM/RRRR'));
Insert into B21427291.DOWNLOADHISTORY (USEREMAIL,ITEMID,DOWNLOADDATE) values ('test@hotmail.com','62',to_date('03/01/2018','DD/MM/RRRR'));
Insert into B21427291.DOWNLOADHISTORY (USEREMAIL,ITEMID,DOWNLOADDATE) values ('test@gmail.com','78',to_date('03/01/2018','DD/MM/RRRR'));
Insert into B21427291.DOWNLOADHISTORY (USEREMAIL,ITEMID,DOWNLOADDATE) values ('test@hotmail.com','69',to_date('03/01/2018','DD/MM/RRRR'));
Insert into B21427291.DOWNLOADHISTORY (USEREMAIL,ITEMID,DOWNLOADDATE) values ('test@gmail.com','63',to_date('03/01/2018','DD/MM/RRRR'));
Insert into B21427291.DOWNLOADHISTORY (USEREMAIL,ITEMID,DOWNLOADDATE) values ('test@gmail.com','51',to_date('03/01/2018','DD/MM/RRRR'));
Insert into B21427291.DOWNLOADHISTORY (USEREMAIL,ITEMID,DOWNLOADDATE) values ('test2@hotmail.com','63',to_date('04/01/2018','DD/MM/RRRR'));
Insert into B21427291.DOWNLOADHISTORY (USEREMAIL,ITEMID,DOWNLOADDATE) values ('test2@hotmail.com','75',to_date('04/01/2018','DD/MM/RRRR'));
Insert into B21427291.DOWNLOADHISTORY (USEREMAIL,ITEMID,DOWNLOADDATE) values ('test2@hotmail.com','80',to_date('04/01/2018','DD/MM/RRRR'));
REM INSERTING into B21427291.DOWNLOADITEMADMIN
SET DEFINE OFF;
REM INSERTING into B21427291.DOWNLOADITEMUSER
SET DEFINE OFF;
REM INSERTING into B21427291.ITEM
SET DEFINE OFF;
Insert into B21427291.ITEM (ID,NAME,RELEASEYEAR,UPLOADDATE,SUBJECT,DIRECTORY) values ('60','cari1','2018',to_date('03/01/2018','DD/MM/RRRR'),'fun','uploadcaricature/cae1696750ca5b6fa4f1da0ffc708dfd.jpg');
Insert into B21427291.ITEM (ID,NAME,RELEASEYEAR,UPLOADDATE,SUBJECT,DIRECTORY) values ('61','cari2','2018',to_date('03/01/2018','DD/MM/RRRR'),'fun','uploadcaricature/d8fc7d08789efda5ecc460c04bf8e6ae--political-cartoons-the-medium.jpg');
Insert into B21427291.ITEM (ID,NAME,RELEASEYEAR,UPLOADDATE,SUBJECT,DIRECTORY) values ('62','cari3','2018',to_date('03/01/2018','DD/MM/RRRR'),'fun','uploadcaricature/download.jpeg');
Insert into B21427291.ITEM (ID,NAME,RELEASEYEAR,UPLOADDATE,SUBJECT,DIRECTORY) values ('63','cari4','2018',to_date('03/01/2018','DD/MM/RRRR'),'fun','uploadcaricature/download (2).jpeg');
Insert into B21427291.ITEM (ID,NAME,RELEASEYEAR,UPLOADDATE,SUBJECT,DIRECTORY) values ('64','cari5','2018',to_date('03/01/2018','DD/MM/RRRR'),'fun','uploadcaricature/images.jpeg');
Insert into B21427291.ITEM (ID,NAME,RELEASEYEAR,UPLOADDATE,SUBJECT,DIRECTORY) values ('65','cari6','2018',to_date('03/01/2018','DD/MM/RRRR'),'fun','uploadcaricature/images.png');
Insert into B21427291.ITEM (ID,NAME,RELEASEYEAR,UPLOADDATE,SUBJECT,DIRECTORY) values ('66','cari7','2018',to_date('03/01/2018','DD/MM/RRRR'),'fun','uploadcaricature/images (1).jpeg');
Insert into B21427291.ITEM (ID,NAME,RELEASEYEAR,UPLOADDATE,SUBJECT,DIRECTORY) values ('67','cari8','2018',to_date('03/01/2018','DD/MM/RRRR'),'fun','uploadcaricature/images (3).jpeg');
Insert into B21427291.ITEM (ID,NAME,RELEASEYEAR,UPLOADDATE,SUBJECT,DIRECTORY) values ('68','cari9','2018',to_date('03/01/2018','DD/MM/RRRR'),'fun','uploadcaricature/images (2).jpeg');
Insert into B21427291.ITEM (ID,NAME,RELEASEYEAR,UPLOADDATE,SUBJECT,DIRECTORY) values ('69','cari10','2018',to_date('03/01/2018','DD/MM/RRRR'),'fun','uploadcaricature/images (4).jpeg');
Insert into B21427291.ITEM (ID,NAME,RELEASEYEAR,UPLOADDATE,SUBJECT,DIRECTORY) values ('73','Ron','1990',to_date('03/01/2018','DD/MM/RRRR'),'adventure','uploadbook/BlockCiphers_4.pdf');
Insert into B21427291.ITEM (ID,NAME,RELEASEYEAR,UPLOADDATE,SUBJECT,DIRECTORY) values ('74','Malfoy','1990',to_date('03/01/2018','DD/MM/RRRR'),'Terror','uploadbook/DigitalCert_4.pdf');
Insert into B21427291.ITEM (ID,NAME,RELEASEYEAR,UPLOADDATE,SUBJECT,DIRECTORY) values ('81','Call Wild','1980',to_date('03/01/2018','DD/MM/RRRR'),'Horror','uploadbook/midterm_key (1).pdf');
Insert into B21427291.ITEM (ID,NAME,RELEASEYEAR,UPLOADDATE,SUBJECT,DIRECTORY) values ('72','Hermonie','1989',to_date('03/01/2018','DD/MM/RRRR'),'Horror','uploadbook/BasicCiphers_4.pdf');
Insert into B21427291.ITEM (ID,NAME,RELEASEYEAR,UPLOADDATE,SUBJECT,DIRECTORY) values ('79','Ask to People','1996',to_date('03/01/2018','DD/MM/RRRR'),'Horror','uploadbook/OSSec_4.pdf');
Insert into B21427291.ITEM (ID,NAME,RELEASEYEAR,UPLOADDATE,SUBJECT,DIRECTORY) values ('80','The Life','2000',to_date('03/01/2018','DD/MM/RRRR'),'adventure','uploadbook/Threshold_4.pdf');
Insert into B21427291.ITEM (ID,NAME,RELEASEYEAR,UPLOADDATE,SUBJECT,DIRECTORY) values ('78','David','1996',to_date('03/01/2018','DD/MM/RRRR'),'Love','uploadbook/SecurityHandshake_4.pdf');
Insert into B21427291.ITEM (ID,NAME,RELEASEYEAR,UPLOADDATE,SUBJECT,DIRECTORY) values ('50','wall1','2018',to_date('03/01/2018','DD/MM/RRRR'),'nature','uploadwallpaper/download.jpeg');
Insert into B21427291.ITEM (ID,NAME,RELEASEYEAR,UPLOADDATE,SUBJECT,DIRECTORY) values ('51','wall2','2018',to_date('03/01/2018','DD/MM/RRRR'),'nature','uploadwallpaper/download (1).jpeg');
Insert into B21427291.ITEM (ID,NAME,RELEASEYEAR,UPLOADDATE,SUBJECT,DIRECTORY) values ('52','wall3','2018',to_date('03/01/2018','DD/MM/RRRR'),'nature','uploadwallpaper/images.jpeg');
Insert into B21427291.ITEM (ID,NAME,RELEASEYEAR,UPLOADDATE,SUBJECT,DIRECTORY) values ('53','wall4','2018',to_date('03/01/2018','DD/MM/RRRR'),'nature','uploadwallpaper/images (1).jpeg');
Insert into B21427291.ITEM (ID,NAME,RELEASEYEAR,UPLOADDATE,SUBJECT,DIRECTORY) values ('54','wall5','2018',to_date('03/01/2018','DD/MM/RRRR'),'nature','uploadwallpaper/images (2).jpeg');
Insert into B21427291.ITEM (ID,NAME,RELEASEYEAR,UPLOADDATE,SUBJECT,DIRECTORY) values ('55','wall6','2018',to_date('03/01/2018','DD/MM/RRRR'),'nature','uploadwallpaper/images (3).jpeg');
Insert into B21427291.ITEM (ID,NAME,RELEASEYEAR,UPLOADDATE,SUBJECT,DIRECTORY) values ('56','wall7','2018',to_date('03/01/2018','DD/MM/RRRR'),'nature','uploadwallpaper/images (4).jpeg');
Insert into B21427291.ITEM (ID,NAME,RELEASEYEAR,UPLOADDATE,SUBJECT,DIRECTORY) values ('57','wall8','2018',to_date('03/01/2018','DD/MM/RRRR'),'nature','uploadwallpaper/images (5).jpeg');
Insert into B21427291.ITEM (ID,NAME,RELEASEYEAR,UPLOADDATE,SUBJECT,DIRECTORY) values ('58','wall9','2018',to_date('03/01/2018','DD/MM/RRRR'),'nature','uploadwallpaper/images (6).jpeg');
Insert into B21427291.ITEM (ID,NAME,RELEASEYEAR,UPLOADDATE,SUBJECT,DIRECTORY) values ('59','wall10','2018',to_date('03/01/2018','DD/MM/RRRR'),'nature','uploadwallpaper/images (7).jpeg');
Insert into B21427291.ITEM (ID,NAME,RELEASEYEAR,UPLOADDATE,SUBJECT,DIRECTORY) values ('75','Snape','1991',to_date('03/01/2018','DD/MM/RRRR'),'Love','uploadbook/HashFunctions_4.pdf');
Insert into B21427291.ITEM (ID,NAME,RELEASEYEAR,UPLOADDATE,SUBJECT,DIRECTORY) values ('76','Harry','1988',to_date('03/01/2018','DD/MM/RRRR'),'Fiction','uploadbook/Authentication_4.pdf');
Insert into B21427291.ITEM (ID,NAME,RELEASEYEAR,UPLOADDATE,SUBJECT,DIRECTORY) values ('77','Drago','1995',to_date('03/01/2018','DD/MM/RRRR'),'Fiction','uploadbook/Malware_4.pdf');
REM INSERTING into B21427291.PHOTOGRAPHER
SET DEFINE OFF;
Insert into B21427291.PHOTOGRAPHER (ID,NAME,EMAIL,ITEMID) values ('42','photographer1','pho@foti.com','50');
Insert into B21427291.PHOTOGRAPHER (ID,NAME,EMAIL,ITEMID) values ('43','photographer2','pho@foti.com','51');
Insert into B21427291.PHOTOGRAPHER (ID,NAME,EMAIL,ITEMID) values ('44','photographer3','pho@foti.com','52');
Insert into B21427291.PHOTOGRAPHER (ID,NAME,EMAIL,ITEMID) values ('45','photographer4','pho@foti.com','53');
Insert into B21427291.PHOTOGRAPHER (ID,NAME,EMAIL,ITEMID) values ('46','photographer5','pho@foti.com','54');
Insert into B21427291.PHOTOGRAPHER (ID,NAME,EMAIL,ITEMID) values ('47','photographer6','pho@foti.com','55');
Insert into B21427291.PHOTOGRAPHER (ID,NAME,EMAIL,ITEMID) values ('48','photographer7','pho@foti.com','56');
Insert into B21427291.PHOTOGRAPHER (ID,NAME,EMAIL,ITEMID) values ('49','photographer8','pho@foti.com','57');
Insert into B21427291.PHOTOGRAPHER (ID,NAME,EMAIL,ITEMID) values ('50','photographer9','pho@foti.com','58');
Insert into B21427291.PHOTOGRAPHER (ID,NAME,EMAIL,ITEMID) values ('51','photographer10','pho@foti.com','59');
REM INSERTING into B21427291.PUBLISHER
SET DEFINE OFF;
Insert into B21427291.PUBLISHER (ID,NAME,EMAIL,ITEMID) values ('45','alen@alen.com','hans','73');
Insert into B21427291.PUBLISHER (ID,NAME,EMAIL,ITEMID) values ('46','alen@alen.com','nick','74');
Insert into B21427291.PUBLISHER (ID,NAME,EMAIL,ITEMID) values ('53','f@hotmail','j.k rowling','81');
Insert into B21427291.PUBLISHER (ID,NAME,EMAIL,ITEMID) values ('50','alen@alen.com','alen','78');
Insert into B21427291.PUBLISHER (ID,NAME,EMAIL,ITEMID) values ('51','alen@alen.com','alen','79');
Insert into B21427291.PUBLISHER (ID,NAME,EMAIL,ITEMID) values ('52','alen@alen.com','alen','80');
Insert into B21427291.PUBLISHER (ID,NAME,EMAIL,ITEMID) values ('44','vero@ver.com','veronica','72');
Insert into B21427291.PUBLISHER (ID,NAME,EMAIL,ITEMID) values ('47','alen@alen.com','alen','75');
Insert into B21427291.PUBLISHER (ID,NAME,EMAIL,ITEMID) values ('48','alen@alen.com','alen','76');
Insert into B21427291.PUBLISHER (ID,NAME,EMAIL,ITEMID) values ('49','alen@alen.com','alen','77');
REM INSERTING into B21427291.SUPERUSERREQUEST
SET DEFINE OFF;
Insert into B21427291.SUPERUSERREQUEST (EMAIL) values ('admin1@hotmail.com');
Insert into B21427291.SUPERUSERREQUEST (EMAIL) values ('user2@gmail.com');
REM INSERTING into B21427291.UKEEP
SET DEFINE OFF;
REM INSERTING into B21427291.UPLOAD_BOOK
SET DEFINE OFF;
REM INSERTING into B21427291.UPLOAD_CARICATURE
SET DEFINE OFF;
REM INSERTING into B21427291.UPLOAD_ITEM
SET DEFINE OFF;
REM INSERTING into B21427291.UPLOAD_WALLPAPER
SET DEFINE OFF;
REM INSERTING into B21427291.UPLOADER
SET DEFINE OFF;
Insert into B21427291.UPLOADER (ID,NAME,EMAIL,ITEMID) values ('23','anonymous1','anonym@anonim.me','60');
Insert into B21427291.UPLOADER (ID,NAME,EMAIL,ITEMID) values ('24','anonymous2','anonym@anonim.me','61');
Insert into B21427291.UPLOADER (ID,NAME,EMAIL,ITEMID) values ('25','anonymous1','anonym@anonim.me','62');
Insert into B21427291.UPLOADER (ID,NAME,EMAIL,ITEMID) values ('26','anonymous1','anonym@anonim.me','63');
Insert into B21427291.UPLOADER (ID,NAME,EMAIL,ITEMID) values ('27','anonymous1','anonym@anonim.me','64');
Insert into B21427291.UPLOADER (ID,NAME,EMAIL,ITEMID) values ('28','anonymous1','anonym@anonim.me','65');
Insert into B21427291.UPLOADER (ID,NAME,EMAIL,ITEMID) values ('29','anonymous1','anonym@anonim.me','66');
Insert into B21427291.UPLOADER (ID,NAME,EMAIL,ITEMID) values ('30','anonymous1','anonym@anonim.me','67');
Insert into B21427291.UPLOADER (ID,NAME,EMAIL,ITEMID) values ('31','anonymous1','anonym@anonim.me','68');
Insert into B21427291.UPLOADER (ID,NAME,EMAIL,ITEMID) values ('32','anonymous1','anonym@anonim.me','69');
REM INSERTING into B21427291.USER1
SET DEFINE OFF;
Insert into B21427291.USER1 (EMAIL) values ('test2@gmail.com');
Insert into B21427291.USER1 (EMAIL) values ('test3@hotmail.com');
Insert into B21427291.USER1 (EMAIL) values ('user2@gmail.com');
Insert into B21427291.USER1 (EMAIL) values ('user2@hotmail.com');
Insert into B21427291.USER1 (EMAIL) values ('user3@hotmail.com');
Insert into B21427291.USER1 (EMAIL) values ('user4@hotmail.com');
Insert into B21427291.USER1 (EMAIL) values ('user@hotmail.com');
REM INSERTING into B21427291.USER2
SET DEFINE OFF;
Insert into B21427291.USER2 (SUPERMEMBERSHIPDATE,EMAIL) values (to_date('03/01/2018','DD/MM/RRRR'),'test@hotmail.com');
Insert into B21427291.USER2 (SUPERMEMBERSHIPDATE,EMAIL) values (to_date('03/01/2018','DD/MM/RRRR'),'test@gmail.com');
Insert into B21427291.USER2 (SUPERMEMBERSHIPDATE,EMAIL) values (to_date('03/01/2018','DD/MM/RRRR'),'test2@hotmail.com');
REM INSERTING into B21427291.USERS
SET DEFINE OFF;
Insert into B21427291.USERS (TC,PASSWORD,NAME,SURNAME,PHONENUMBER,ADDRESS,MEMBERSHIPDATE,EMAIL) values ('13344323334','202cb962ac59075b964b07152d234b70','test','ee','034234432','dd',to_date('03/01/2018','DD/MM/RRRR'),'test3@hotmail.com');
Insert into B21427291.USERS (TC,PASSWORD,NAME,SURNAME,PHONENUMBER,ADDRESS,MEMBERSHIPDATE,EMAIL) values ('14255588866','202cb962ac59075b964b07152d234b70','test','testsurname','052425889','aydinlar mah test sok.',to_date('04/01/2018','DD/MM/RRRR'),'test2@gmail.com');
Insert into B21427291.USERS (TC,PASSWORD,NAME,SURNAME,PHONENUMBER,ADDRESS,MEMBERSHIPDATE,EMAIL) values ('11132121866','202cb962ac59075b964b07152d234b70','veli','tasoren','0332423432','dssdf',to_date('04/01/2018','DD/MM/RRRR'),'user4@hotmail.com');
Insert into B21427291.USERS (TC,PASSWORD,NAME,SURNAME,PHONENUMBER,ADDRESS,MEMBERSHIPDATE,EMAIL) values ('13892475022','182be0c5cdcd5072bb1864cdee4d3d6e','ahmet','mutlu','0332350114','ataturk cad.',to_date('04/01/2018','DD/MM/RRRR'),'user3@hotmail.com');
Insert into B21427291.USERS (TC,PASSWORD,NAME,SURNAME,PHONENUMBER,ADDRESS,MEMBERSHIPDATE,EMAIL) values ('14111121866','202cb962ac59075b964b07152d234b70','ekere','tasoren','03342343','dssdf',to_date('04/01/2018','DD/MM/RRRR'),'user2@gmail.com');
Insert into B21427291.USERS (TC,PASSWORD,NAME,SURNAME,PHONENUMBER,ADDRESS,MEMBERSHIPDATE,EMAIL) values ('11100021866','202cb962ac59075b964b07152d234b70','rasit','tasoren','033423432','dssdf',to_date('04/01/2018','DD/MM/RRRR'),'user2@hotmail.com');
Insert into B21427291.USERS (TC,PASSWORD,NAME,SURNAME,PHONENUMBER,ADDRESS,MEMBERSHIPDATE,EMAIL) values ('78461265411','202cb962ac59075b964b07152d234b70','fatih','ese','052185415','gultepe mah.',to_date('04/01/2018','DD/MM/RRRR'),'user@hotmail.com');
Insert into B21427291.USERS (TC,PASSWORD,NAME,SURNAME,PHONENUMBER,ADDRESS,MEMBERSHIPDATE,EMAIL) values ('13344323334','202cb962ac59075b964b07152d234b70','test','testsur','032344232','adress',to_date('03/01/2018','DD/MM/RRRR'),'test@hotmail.com');
Insert into B21427291.USERS (TC,PASSWORD,NAME,SURNAME,PHONENUMBER,ADDRESS,MEMBERSHIPDATE,EMAIL) values ('13344322234','202cb962ac59075b964b07152d234b70','dd','dd','4355423','dd',to_date('03/01/2018','DD/MM/RRRR'),'test2@hotmail.com');
Insert into B21427291.USERS (TC,PASSWORD,NAME,SURNAME,PHONENUMBER,ADDRESS,MEMBERSHIPDATE,EMAIL) values ('32243343434','202cb962ac59075b964b07152d234b70','ahmet','mutlu','05324323','Universiteler mah. cankaya',to_date('03/01/2018','DD/MM/RRRR'),'test@gmail.com');
REM INSERTING into B21427291.WALLPAPER
SET DEFINE OFF;
Insert into B21427291.WALLPAPER (ID) values ('50');
Insert into B21427291.WALLPAPER (ID) values ('51');
Insert into B21427291.WALLPAPER (ID) values ('52');
Insert into B21427291.WALLPAPER (ID) values ('53');
Insert into B21427291.WALLPAPER (ID) values ('54');
Insert into B21427291.WALLPAPER (ID) values ('55');
Insert into B21427291.WALLPAPER (ID) values ('56');
Insert into B21427291.WALLPAPER (ID) values ('57');
Insert into B21427291.WALLPAPER (ID) values ('58');
Insert into B21427291.WALLPAPER (ID) values ('59');
--------------------------------------------------------
--  DDL for Index SYS_C0076951
--------------------------------------------------------

  CREATE UNIQUE INDEX "B21427291"."SYS_C0076951" ON "B21427291"."ADD_SUBJECT_BOOK" ("ADMINEMAIL", "ITEMID") 
  PCTFREE 10 INITRANS 2 MAXTRANS 255 COMPUTE STATISTICS 
  STORAGE(INITIAL 65536 NEXT 1048576 MINEXTENTS 1 MAXEXTENTS 2147483645
  PCTINCREASE 0 FREELISTS 1 FREELIST GROUPS 1
  BUFFER_POOL DEFAULT FLASH_CACHE DEFAULT CELL_FLASH_CACHE DEFAULT)
  TABLESPACE "USERS" ;
--------------------------------------------------------
--  DDL for Index SYS_C0076957
--------------------------------------------------------

  CREATE UNIQUE INDEX "B21427291"."SYS_C0076957" ON "B21427291"."ADD_SUBJECT_CARICATURE" ("ADMINEMAIL", "ITEMID") 
  PCTFREE 10 INITRANS 2 MAXTRANS 255 COMPUTE STATISTICS 
  STORAGE(INITIAL 65536 NEXT 1048576 MINEXTENTS 1 MAXEXTENTS 2147483645
  PCTINCREASE 0 FREELISTS 1 FREELIST GROUPS 1
  BUFFER_POOL DEFAULT FLASH_CACHE DEFAULT CELL_FLASH_CACHE DEFAULT)
  TABLESPACE "USERS" ;
--------------------------------------------------------
--  DDL for Index SYS_C0076954
--------------------------------------------------------

  CREATE UNIQUE INDEX "B21427291"."SYS_C0076954" ON "B21427291"."ADD_SUBJECT_WALLPAPER" ("ADMINEMAIL", "ITEMID") 
  PCTFREE 10 INITRANS 2 MAXTRANS 255 COMPUTE STATISTICS 
  STORAGE(INITIAL 65536 NEXT 1048576 MINEXTENTS 1 MAXEXTENTS 2147483645
  PCTINCREASE 0 FREELISTS 1 FREELIST GROUPS 1
  BUFFER_POOL DEFAULT FLASH_CACHE DEFAULT CELL_FLASH_CACHE DEFAULT)
  TABLESPACE "USERS" ;
--------------------------------------------------------
--  DDL for Index SYS_C0074274
--------------------------------------------------------

  CREATE UNIQUE INDEX "B21427291"."SYS_C0074274" ON "B21427291"."ADMIN" ("EMAIL") 
  PCTFREE 10 INITRANS 2 MAXTRANS 255 COMPUTE STATISTICS 
  STORAGE(INITIAL 65536 NEXT 1048576 MINEXTENTS 1 MAXEXTENTS 2147483645
  PCTINCREASE 0 FREELISTS 1 FREELIST GROUPS 1
  BUFFER_POOL DEFAULT FLASH_CACHE DEFAULT CELL_FLASH_CACHE DEFAULT)
  TABLESPACE "USERS" ;
--------------------------------------------------------
--  DDL for Index SYS_C0072199
--------------------------------------------------------

  CREATE UNIQUE INDEX "B21427291"."SYS_C0072199" ON "B21427291"."ADMIN" ("EMAIL", "PHONENUMBER") 
  PCTFREE 10 INITRANS 2 MAXTRANS 255 COMPUTE STATISTICS 
  STORAGE(INITIAL 65536 NEXT 1048576 MINEXTENTS 1 MAXEXTENTS 2147483645
  PCTINCREASE 0 FREELISTS 1 FREELIST GROUPS 1
  BUFFER_POOL DEFAULT FLASH_CACHE DEFAULT CELL_FLASH_CACHE DEFAULT)
  TABLESPACE "USERS" ;
--------------------------------------------------------
--  DDL for Index SYS_C0074275
--------------------------------------------------------

  CREATE UNIQUE INDEX "B21427291"."SYS_C0074275" ON "B21427291"."ADMIN1" ("EMAIL") 
  PCTFREE 10 INITRANS 2 MAXTRANS 255 COMPUTE STATISTICS 
  STORAGE(INITIAL 65536 NEXT 1048576 MINEXTENTS 1 MAXEXTENTS 2147483645
  PCTINCREASE 0 FREELISTS 1 FREELIST GROUPS 1
  BUFFER_POOL DEFAULT FLASH_CACHE DEFAULT CELL_FLASH_CACHE DEFAULT)
  TABLESPACE "USERS" ;
--------------------------------------------------------
--  DDL for Index SYS_C0074276
--------------------------------------------------------

  CREATE UNIQUE INDEX "B21427291"."SYS_C0074276" ON "B21427291"."ADMIN2" ("EMAIL") 
  PCTFREE 10 INITRANS 2 MAXTRANS 255 COMPUTE STATISTICS 
  STORAGE(INITIAL 65536 NEXT 1048576 MINEXTENTS 1 MAXEXTENTS 2147483645
  PCTINCREASE 0 FREELISTS 1 FREELIST GROUPS 1
  BUFFER_POOL DEFAULT FLASH_CACHE DEFAULT CELL_FLASH_CACHE DEFAULT)
  TABLESPACE "USERS" ;
--------------------------------------------------------
--  DDL for Index SYS_C0066555
--------------------------------------------------------

  CREATE UNIQUE INDEX "B21427291"."SYS_C0066555" ON "B21427291"."AUTHOR" ("ID") 
  PCTFREE 10 INITRANS 2 MAXTRANS 255 COMPUTE STATISTICS 
  STORAGE(INITIAL 65536 NEXT 1048576 MINEXTENTS 1 MAXEXTENTS 2147483645
  PCTINCREASE 0 FREELISTS 1 FREELIST GROUPS 1
  BUFFER_POOL DEFAULT FLASH_CACHE DEFAULT CELL_FLASH_CACHE DEFAULT)
  TABLESPACE "USERS" ;
--------------------------------------------------------
--  DDL for Index SYS_C0068841
--------------------------------------------------------

  CREATE UNIQUE INDEX "B21427291"."SYS_C0068841" ON "B21427291"."BOOK" ("ID") 
  PCTFREE 10 INITRANS 2 MAXTRANS 255 COMPUTE STATISTICS 
  STORAGE(INITIAL 65536 NEXT 1048576 MINEXTENTS 1 MAXEXTENTS 2147483645
  PCTINCREASE 0 FREELISTS 1 FREELIST GROUPS 1
  BUFFER_POOL DEFAULT FLASH_CACHE DEFAULT CELL_FLASH_CACHE DEFAULT)
  TABLESPACE "USERS" ;
--------------------------------------------------------
--  DDL for Index SYS_C0073052
--------------------------------------------------------

  CREATE UNIQUE INDEX "B21427291"."SYS_C0073052" ON "B21427291"."CARICATURE" ("ID") 
  PCTFREE 10 INITRANS 2 MAXTRANS 255 COMPUTE STATISTICS 
  STORAGE(INITIAL 65536 NEXT 1048576 MINEXTENTS 1 MAXEXTENTS 2147483645
  PCTINCREASE 0 FREELISTS 1 FREELIST GROUPS 1
  BUFFER_POOL DEFAULT FLASH_CACHE DEFAULT CELL_FLASH_CACHE DEFAULT)
  TABLESPACE "USERS" ;
--------------------------------------------------------
--  DDL for Index SYS_C0066545
--------------------------------------------------------

  CREATE UNIQUE INDEX "B21427291"."SYS_C0066545" ON "B21427291"."CARICATURIST" ("ID") 
  PCTFREE 10 INITRANS 2 MAXTRANS 255 COMPUTE STATISTICS 
  STORAGE(INITIAL 65536 NEXT 1048576 MINEXTENTS 1 MAXEXTENTS 2147483645
  PCTINCREASE 0 FREELISTS 1 FREELIST GROUPS 1
  BUFFER_POOL DEFAULT FLASH_CACHE DEFAULT CELL_FLASH_CACHE DEFAULT)
  TABLESPACE "USERS" ;
--------------------------------------------------------
--  DDL for Index SYS_C0076975
--------------------------------------------------------

  CREATE UNIQUE INDEX "B21427291"."SYS_C0076975" ON "B21427291"."DOWNLOADHISTORY" ("USEREMAIL", "ITEMID") 
  PCTFREE 10 INITRANS 2 MAXTRANS 255 COMPUTE STATISTICS 
  STORAGE(INITIAL 65536 NEXT 1048576 MINEXTENTS 1 MAXEXTENTS 2147483645
  PCTINCREASE 0 FREELISTS 1 FREELIST GROUPS 1
  BUFFER_POOL DEFAULT FLASH_CACHE DEFAULT CELL_FLASH_CACHE DEFAULT)
  TABLESPACE "USERS" ;
--------------------------------------------------------
--  DDL for Index SYS_C0076960
--------------------------------------------------------

  CREATE UNIQUE INDEX "B21427291"."SYS_C0076960" ON "B21427291"."DOWNLOADITEMADMIN" ("ADMINEMAIL", "ITEMID") 
  PCTFREE 10 INITRANS 2 MAXTRANS 255 COMPUTE STATISTICS 
  STORAGE(INITIAL 65536 NEXT 1048576 MINEXTENTS 1 MAXEXTENTS 2147483645
  PCTINCREASE 0 FREELISTS 1 FREELIST GROUPS 1
  BUFFER_POOL DEFAULT FLASH_CACHE DEFAULT CELL_FLASH_CACHE DEFAULT)
  TABLESPACE "USERS" ;
--------------------------------------------------------
--  DDL for Index SYS_C0076963
--------------------------------------------------------

  CREATE UNIQUE INDEX "B21427291"."SYS_C0076963" ON "B21427291"."DOWNLOADITEMUSER" ("USEREMAIL", "ITEMID") 
  PCTFREE 10 INITRANS 2 MAXTRANS 255 COMPUTE STATISTICS 
  STORAGE(INITIAL 65536 NEXT 1048576 MINEXTENTS 1 MAXEXTENTS 2147483645
  PCTINCREASE 0 FREELISTS 1 FREELIST GROUPS 1
  BUFFER_POOL DEFAULT FLASH_CACHE DEFAULT CELL_FLASH_CACHE DEFAULT)
  TABLESPACE "USERS" ;
--------------------------------------------------------
--  DDL for Index SYS_C0073043
--------------------------------------------------------

  CREATE UNIQUE INDEX "B21427291"."SYS_C0073043" ON "B21427291"."ITEM" ("ID") 
  PCTFREE 10 INITRANS 2 MAXTRANS 255 COMPUTE STATISTICS 
  STORAGE(INITIAL 65536 NEXT 1048576 MINEXTENTS 1 MAXEXTENTS 2147483645
  PCTINCREASE 0 FREELISTS 1 FREELIST GROUPS 1
  BUFFER_POOL DEFAULT FLASH_CACHE DEFAULT CELL_FLASH_CACHE DEFAULT)
  TABLESPACE "USERS" ;
--------------------------------------------------------
--  DDL for Index SYS_C0066552
--------------------------------------------------------

  CREATE UNIQUE INDEX "B21427291"."SYS_C0066552" ON "B21427291"."PHOTOGRAPHER" ("ID") 
  PCTFREE 10 INITRANS 2 MAXTRANS 255 COMPUTE STATISTICS 
  STORAGE(INITIAL 65536 NEXT 1048576 MINEXTENTS 1 MAXEXTENTS 2147483645
  PCTINCREASE 0 FREELISTS 1 FREELIST GROUPS 1
  BUFFER_POOL DEFAULT FLASH_CACHE DEFAULT CELL_FLASH_CACHE DEFAULT)
  TABLESPACE "USERS" ;
--------------------------------------------------------
--  DDL for Index SYS_C0066558
--------------------------------------------------------

  CREATE UNIQUE INDEX "B21427291"."SYS_C0066558" ON "B21427291"."PUBLISHER" ("ID") 
  PCTFREE 10 INITRANS 2 MAXTRANS 255 COMPUTE STATISTICS 
  STORAGE(INITIAL 65536 NEXT 1048576 MINEXTENTS 1 MAXEXTENTS 2147483645
  PCTINCREASE 0 FREELISTS 1 FREELIST GROUPS 1
  BUFFER_POOL DEFAULT FLASH_CACHE DEFAULT CELL_FLASH_CACHE DEFAULT)
  TABLESPACE "USERS" ;
--------------------------------------------------------
--  DDL for Index SYS_C0088020
--------------------------------------------------------

  CREATE UNIQUE INDEX "B21427291"."SYS_C0088020" ON "B21427291"."SUPERUSERREQUEST" ("EMAIL") 
  PCTFREE 10 INITRANS 2 MAXTRANS 255 COMPUTE STATISTICS 
  STORAGE(INITIAL 65536 NEXT 1048576 MINEXTENTS 1 MAXEXTENTS 2147483645
  PCTINCREASE 0 FREELISTS 1 FREELIST GROUPS 1
  BUFFER_POOL DEFAULT FLASH_CACHE DEFAULT CELL_FLASH_CACHE DEFAULT)
  TABLESPACE "USERS" ;
--------------------------------------------------------
--  DDL for Index SYS_C0076986
--------------------------------------------------------

  CREATE UNIQUE INDEX "B21427291"."SYS_C0076986" ON "B21427291"."UKEEP" ("USEREMAIL", "UPLOADID") 
  PCTFREE 10 INITRANS 2 MAXTRANS 255 COMPUTE STATISTICS 
  STORAGE(INITIAL 65536 NEXT 1048576 MINEXTENTS 1 MAXEXTENTS 2147483645
  PCTINCREASE 0 FREELISTS 1 FREELIST GROUPS 1
  BUFFER_POOL DEFAULT FLASH_CACHE DEFAULT CELL_FLASH_CACHE DEFAULT)
  TABLESPACE "USERS" ;
--------------------------------------------------------
--  DDL for Index SYS_C0076981
--------------------------------------------------------

  CREATE UNIQUE INDEX "B21427291"."SYS_C0076981" ON "B21427291"."UPLOAD_ITEM" ("UPLOADID") 
  PCTFREE 10 INITRANS 2 MAXTRANS 255 COMPUTE STATISTICS 
  STORAGE(INITIAL 65536 NEXT 1048576 MINEXTENTS 1 MAXEXTENTS 2147483645
  PCTINCREASE 0 FREELISTS 1 FREELIST GROUPS 1
  BUFFER_POOL DEFAULT FLASH_CACHE DEFAULT CELL_FLASH_CACHE DEFAULT)
  TABLESPACE "USERS" ;
--------------------------------------------------------
--  DDL for Index SYS_C0066548
--------------------------------------------------------

  CREATE UNIQUE INDEX "B21427291"."SYS_C0066548" ON "B21427291"."UPLOADER" ("ID") 
  PCTFREE 10 INITRANS 2 MAXTRANS 255 COMPUTE STATISTICS 
  STORAGE(INITIAL 65536 NEXT 1048576 MINEXTENTS 1 MAXEXTENTS 2147483645
  PCTINCREASE 0 FREELISTS 1 FREELIST GROUPS 1
  BUFFER_POOL DEFAULT FLASH_CACHE DEFAULT CELL_FLASH_CACHE DEFAULT)
  TABLESPACE "USERS" ;
--------------------------------------------------------
--  DDL for Index SYS_C0074278
--------------------------------------------------------

  CREATE UNIQUE INDEX "B21427291"."SYS_C0074278" ON "B21427291"."USER1" ("EMAIL") 
  PCTFREE 10 INITRANS 2 MAXTRANS 255 COMPUTE STATISTICS 
  STORAGE(INITIAL 65536 NEXT 1048576 MINEXTENTS 1 MAXEXTENTS 2147483645
  PCTINCREASE 0 FREELISTS 1 FREELIST GROUPS 1
  BUFFER_POOL DEFAULT FLASH_CACHE DEFAULT CELL_FLASH_CACHE DEFAULT)
  TABLESPACE "USERS" ;
--------------------------------------------------------
--  DDL for Index SYS_C0076052
--------------------------------------------------------

  CREATE UNIQUE INDEX "B21427291"."SYS_C0076052" ON "B21427291"."USER2" ("EMAIL") 
  PCTFREE 10 INITRANS 2 MAXTRANS 255 COMPUTE STATISTICS 
  STORAGE(INITIAL 65536 NEXT 1048576 MINEXTENTS 1 MAXEXTENTS 2147483645
  PCTINCREASE 0 FREELISTS 1 FREELIST GROUPS 1
  BUFFER_POOL DEFAULT FLASH_CACHE DEFAULT CELL_FLASH_CACHE DEFAULT)
  TABLESPACE "USERS" ;
--------------------------------------------------------
--  DDL for Index SYS_C0072212
--------------------------------------------------------

  CREATE UNIQUE INDEX "B21427291"."SYS_C0072212" ON "B21427291"."USERS" ("PHONENUMBER") 
  PCTFREE 10 INITRANS 2 MAXTRANS 255 COMPUTE STATISTICS 
  STORAGE(INITIAL 65536 NEXT 1048576 MINEXTENTS 1 MAXEXTENTS 2147483645
  PCTINCREASE 0 FREELISTS 1 FREELIST GROUPS 1
  BUFFER_POOL DEFAULT FLASH_CACHE DEFAULT CELL_FLASH_CACHE DEFAULT)
  TABLESPACE "USERS" ;
--------------------------------------------------------
--  DDL for Index SYS_C0074281
--------------------------------------------------------

  CREATE UNIQUE INDEX "B21427291"."SYS_C0074281" ON "B21427291"."USERS" ("EMAIL") 
  PCTFREE 10 INITRANS 2 MAXTRANS 255 COMPUTE STATISTICS 
  STORAGE(INITIAL 65536 NEXT 1048576 MINEXTENTS 1 MAXEXTENTS 2147483645
  PCTINCREASE 0 FREELISTS 1 FREELIST GROUPS 1
  BUFFER_POOL DEFAULT FLASH_CACHE DEFAULT CELL_FLASH_CACHE DEFAULT)
  TABLESPACE "USERS" ;
--------------------------------------------------------
--  DDL for Index SYS_C0073044
--------------------------------------------------------

  CREATE UNIQUE INDEX "B21427291"."SYS_C0073044" ON "B21427291"."WALLPAPER" ("ID") 
  PCTFREE 10 INITRANS 2 MAXTRANS 255 COMPUTE STATISTICS 
  STORAGE(INITIAL 65536 NEXT 1048576 MINEXTENTS 1 MAXEXTENTS 2147483645
  PCTINCREASE 0 FREELISTS 1 FREELIST GROUPS 1
  BUFFER_POOL DEFAULT FLASH_CACHE DEFAULT CELL_FLASH_CACHE DEFAULT)
  TABLESPACE "USERS" ;
--------------------------------------------------------
--  Constraints for Table ADD_SUBJECT_BOOK
--------------------------------------------------------

  ALTER TABLE "B21427291"."ADD_SUBJECT_BOOK" ADD PRIMARY KEY ("ADMINEMAIL", "ITEMID")
  USING INDEX PCTFREE 10 INITRANS 2 MAXTRANS 255 COMPUTE STATISTICS 
  STORAGE(INITIAL 65536 NEXT 1048576 MINEXTENTS 1 MAXEXTENTS 2147483645
  PCTINCREASE 0 FREELISTS 1 FREELIST GROUPS 1
  BUFFER_POOL DEFAULT FLASH_CACHE DEFAULT CELL_FLASH_CACHE DEFAULT)
  TABLESPACE "USERS"  ENABLE;
--------------------------------------------------------
--  Constraints for Table ADD_SUBJECT_CARICATURE
--------------------------------------------------------

  ALTER TABLE "B21427291"."ADD_SUBJECT_CARICATURE" ADD PRIMARY KEY ("ADMINEMAIL", "ITEMID")
  USING INDEX PCTFREE 10 INITRANS 2 MAXTRANS 255 COMPUTE STATISTICS 
  STORAGE(INITIAL 65536 NEXT 1048576 MINEXTENTS 1 MAXEXTENTS 2147483645
  PCTINCREASE 0 FREELISTS 1 FREELIST GROUPS 1
  BUFFER_POOL DEFAULT FLASH_CACHE DEFAULT CELL_FLASH_CACHE DEFAULT)
  TABLESPACE "USERS"  ENABLE;
--------------------------------------------------------
--  Constraints for Table ADD_SUBJECT_WALLPAPER
--------------------------------------------------------

  ALTER TABLE "B21427291"."ADD_SUBJECT_WALLPAPER" ADD PRIMARY KEY ("ADMINEMAIL", "ITEMID")
  USING INDEX PCTFREE 10 INITRANS 2 MAXTRANS 255 COMPUTE STATISTICS 
  STORAGE(INITIAL 65536 NEXT 1048576 MINEXTENTS 1 MAXEXTENTS 2147483645
  PCTINCREASE 0 FREELISTS 1 FREELIST GROUPS 1
  BUFFER_POOL DEFAULT FLASH_CACHE DEFAULT CELL_FLASH_CACHE DEFAULT)
  TABLESPACE "USERS"  ENABLE;
--------------------------------------------------------
--  Constraints for Table ADMIN
--------------------------------------------------------

  ALTER TABLE "B21427291"."ADMIN" ADD UNIQUE ("EMAIL", "PHONENUMBER")
  USING INDEX PCTFREE 10 INITRANS 2 MAXTRANS 255 COMPUTE STATISTICS 
  STORAGE(INITIAL 65536 NEXT 1048576 MINEXTENTS 1 MAXEXTENTS 2147483645
  PCTINCREASE 0 FREELISTS 1 FREELIST GROUPS 1
  BUFFER_POOL DEFAULT FLASH_CACHE DEFAULT CELL_FLASH_CACHE DEFAULT)
  TABLESPACE "USERS"  ENABLE;
  ALTER TABLE "B21427291"."ADMIN" MODIFY ("MEMBERSHIPDATE" NOT NULL ENABLE);
  ALTER TABLE "B21427291"."ADMIN" MODIFY ("ADDRESS" NOT NULL ENABLE);
  ALTER TABLE "B21427291"."ADMIN" MODIFY ("EMAIL" NOT NULL ENABLE);
  ALTER TABLE "B21427291"."ADMIN" MODIFY ("PHONENUMBER" NOT NULL ENABLE);
  ALTER TABLE "B21427291"."ADMIN" MODIFY ("SURNAME" NOT NULL ENABLE);
  ALTER TABLE "B21427291"."ADMIN" MODIFY ("NAME" NOT NULL ENABLE);
  ALTER TABLE "B21427291"."ADMIN" MODIFY ("PASSWORD" NOT NULL ENABLE);
  ALTER TABLE "B21427291"."ADMIN" ADD PRIMARY KEY ("EMAIL")
  USING INDEX PCTFREE 10 INITRANS 2 MAXTRANS 255 COMPUTE STATISTICS 
  STORAGE(INITIAL 65536 NEXT 1048576 MINEXTENTS 1 MAXEXTENTS 2147483645
  PCTINCREASE 0 FREELISTS 1 FREELIST GROUPS 1
  BUFFER_POOL DEFAULT FLASH_CACHE DEFAULT CELL_FLASH_CACHE DEFAULT)
  TABLESPACE "USERS"  ENABLE;
--------------------------------------------------------
--  Constraints for Table ADMIN1
--------------------------------------------------------

  ALTER TABLE "B21427291"."ADMIN1" ADD PRIMARY KEY ("EMAIL")
  USING INDEX PCTFREE 10 INITRANS 2 MAXTRANS 255 COMPUTE STATISTICS 
  STORAGE(INITIAL 65536 NEXT 1048576 MINEXTENTS 1 MAXEXTENTS 2147483645
  PCTINCREASE 0 FREELISTS 1 FREELIST GROUPS 1
  BUFFER_POOL DEFAULT FLASH_CACHE DEFAULT CELL_FLASH_CACHE DEFAULT)
  TABLESPACE "USERS"  ENABLE;
--------------------------------------------------------
--  Constraints for Table ADMIN2
--------------------------------------------------------

  ALTER TABLE "B21427291"."ADMIN2" ADD PRIMARY KEY ("EMAIL")
  USING INDEX PCTFREE 10 INITRANS 2 MAXTRANS 255 COMPUTE STATISTICS 
  STORAGE(INITIAL 65536 NEXT 1048576 MINEXTENTS 1 MAXEXTENTS 2147483645
  PCTINCREASE 0 FREELISTS 1 FREELIST GROUPS 1
  BUFFER_POOL DEFAULT FLASH_CACHE DEFAULT CELL_FLASH_CACHE DEFAULT)
  TABLESPACE "USERS"  ENABLE;
--------------------------------------------------------
--  Constraints for Table AUTHOR
--------------------------------------------------------

  ALTER TABLE "B21427291"."AUTHOR" ADD PRIMARY KEY ("ID")
  USING INDEX PCTFREE 10 INITRANS 2 MAXTRANS 255 COMPUTE STATISTICS 
  STORAGE(INITIAL 65536 NEXT 1048576 MINEXTENTS 1 MAXEXTENTS 2147483645
  PCTINCREASE 0 FREELISTS 1 FREELIST GROUPS 1
  BUFFER_POOL DEFAULT FLASH_CACHE DEFAULT CELL_FLASH_CACHE DEFAULT)
  TABLESPACE "USERS"  ENABLE;
  ALTER TABLE "B21427291"."AUTHOR" MODIFY ("EMAIL" NOT NULL ENABLE);
  ALTER TABLE "B21427291"."AUTHOR" MODIFY ("NAME" NOT NULL ENABLE);
  ALTER TABLE "B21427291"."AUTHOR" MODIFY ("ITEMID" NOT NULL ENABLE);
--------------------------------------------------------
--  Constraints for Table BOOK
--------------------------------------------------------

  ALTER TABLE "B21427291"."BOOK" MODIFY ("LANGUAGE" NOT NULL ENABLE);
  ALTER TABLE "B21427291"."BOOK" MODIFY ("NUMBEROFPAGES" NOT NULL ENABLE);
  ALTER TABLE "B21427291"."BOOK" ADD PRIMARY KEY ("ID")
  USING INDEX PCTFREE 10 INITRANS 2 MAXTRANS 255 COMPUTE STATISTICS 
  STORAGE(INITIAL 65536 NEXT 1048576 MINEXTENTS 1 MAXEXTENTS 2147483645
  PCTINCREASE 0 FREELISTS 1 FREELIST GROUPS 1
  BUFFER_POOL DEFAULT FLASH_CACHE DEFAULT CELL_FLASH_CACHE DEFAULT)
  TABLESPACE "USERS"  ENABLE;
  ALTER TABLE "B21427291"."BOOK" MODIFY ("ID" NOT NULL ENABLE);
--------------------------------------------------------
--  Constraints for Table CARICATURE
--------------------------------------------------------

  ALTER TABLE "B21427291"."CARICATURE" ADD PRIMARY KEY ("ID")
  USING INDEX PCTFREE 10 INITRANS 2 MAXTRANS 255 COMPUTE STATISTICS 
  STORAGE(INITIAL 65536 NEXT 1048576 MINEXTENTS 1 MAXEXTENTS 2147483645
  PCTINCREASE 0 FREELISTS 1 FREELIST GROUPS 1
  BUFFER_POOL DEFAULT FLASH_CACHE DEFAULT CELL_FLASH_CACHE DEFAULT)
  TABLESPACE "USERS"  ENABLE;
  ALTER TABLE "B21427291"."CARICATURE" MODIFY ("LANGUAGE" NOT NULL ENABLE);
--------------------------------------------------------
--  Constraints for Table CARICATURIST
--------------------------------------------------------

  ALTER TABLE "B21427291"."CARICATURIST" MODIFY ("EMAIL" NOT NULL ENABLE);
  ALTER TABLE "B21427291"."CARICATURIST" ADD PRIMARY KEY ("ID")
  USING INDEX PCTFREE 10 INITRANS 2 MAXTRANS 255 COMPUTE STATISTICS 
  STORAGE(INITIAL 65536 NEXT 1048576 MINEXTENTS 1 MAXEXTENTS 2147483645
  PCTINCREASE 0 FREELISTS 1 FREELIST GROUPS 1
  BUFFER_POOL DEFAULT FLASH_CACHE DEFAULT CELL_FLASH_CACHE DEFAULT)
  TABLESPACE "USERS"  ENABLE;
  ALTER TABLE "B21427291"."CARICATURIST" MODIFY ("NAME" NOT NULL ENABLE);
  ALTER TABLE "B21427291"."CARICATURIST" MODIFY ("ITEMID" NOT NULL ENABLE);
--------------------------------------------------------
--  Constraints for Table DOWNLOADHISTORY
--------------------------------------------------------

  ALTER TABLE "B21427291"."DOWNLOADHISTORY" ADD PRIMARY KEY ("USEREMAIL", "ITEMID")
  USING INDEX PCTFREE 10 INITRANS 2 MAXTRANS 255 COMPUTE STATISTICS 
  STORAGE(INITIAL 65536 NEXT 1048576 MINEXTENTS 1 MAXEXTENTS 2147483645
  PCTINCREASE 0 FREELISTS 1 FREELIST GROUPS 1
  BUFFER_POOL DEFAULT FLASH_CACHE DEFAULT CELL_FLASH_CACHE DEFAULT)
  TABLESPACE "USERS"  ENABLE;
  ALTER TABLE "B21427291"."DOWNLOADHISTORY" MODIFY ("DOWNLOADDATE" NOT NULL ENABLE);
--------------------------------------------------------
--  Constraints for Table DOWNLOADITEMADMIN
--------------------------------------------------------

  ALTER TABLE "B21427291"."DOWNLOADITEMADMIN" ADD PRIMARY KEY ("ADMINEMAIL", "ITEMID")
  USING INDEX PCTFREE 10 INITRANS 2 MAXTRANS 255 COMPUTE STATISTICS 
  STORAGE(INITIAL 65536 NEXT 1048576 MINEXTENTS 1 MAXEXTENTS 2147483645
  PCTINCREASE 0 FREELISTS 1 FREELIST GROUPS 1
  BUFFER_POOL DEFAULT FLASH_CACHE DEFAULT CELL_FLASH_CACHE DEFAULT)
  TABLESPACE "USERS"  ENABLE;
--------------------------------------------------------
--  Constraints for Table DOWNLOADITEMUSER
--------------------------------------------------------

  ALTER TABLE "B21427291"."DOWNLOADITEMUSER" ADD PRIMARY KEY ("USEREMAIL", "ITEMID")
  USING INDEX PCTFREE 10 INITRANS 2 MAXTRANS 255 COMPUTE STATISTICS 
  STORAGE(INITIAL 65536 NEXT 1048576 MINEXTENTS 1 MAXEXTENTS 2147483645
  PCTINCREASE 0 FREELISTS 1 FREELIST GROUPS 1
  BUFFER_POOL DEFAULT FLASH_CACHE DEFAULT CELL_FLASH_CACHE DEFAULT)
  TABLESPACE "USERS"  ENABLE;
--------------------------------------------------------
--  Constraints for Table ITEM
--------------------------------------------------------

  ALTER TABLE "B21427291"."ITEM" ADD PRIMARY KEY ("ID")
  USING INDEX PCTFREE 10 INITRANS 2 MAXTRANS 255 COMPUTE STATISTICS 
  STORAGE(INITIAL 65536 NEXT 1048576 MINEXTENTS 1 MAXEXTENTS 2147483645
  PCTINCREASE 0 FREELISTS 1 FREELIST GROUPS 1
  BUFFER_POOL DEFAULT FLASH_CACHE DEFAULT CELL_FLASH_CACHE DEFAULT)
  TABLESPACE "USERS"  ENABLE;
  ALTER TABLE "B21427291"."ITEM" MODIFY ("SUBJECT" NOT NULL ENABLE);
  ALTER TABLE "B21427291"."ITEM" MODIFY ("UPLOADDATE" NOT NULL ENABLE);
  ALTER TABLE "B21427291"."ITEM" MODIFY ("RELEASEYEAR" NOT NULL ENABLE);
  ALTER TABLE "B21427291"."ITEM" MODIFY ("NAME" NOT NULL ENABLE);
--------------------------------------------------------
--  Constraints for Table PHOTOGRAPHER
--------------------------------------------------------

  ALTER TABLE "B21427291"."PHOTOGRAPHER" ADD PRIMARY KEY ("ID")
  USING INDEX PCTFREE 10 INITRANS 2 MAXTRANS 255 COMPUTE STATISTICS 
  STORAGE(INITIAL 65536 NEXT 1048576 MINEXTENTS 1 MAXEXTENTS 2147483645
  PCTINCREASE 0 FREELISTS 1 FREELIST GROUPS 1
  BUFFER_POOL DEFAULT FLASH_CACHE DEFAULT CELL_FLASH_CACHE DEFAULT)
  TABLESPACE "USERS"  ENABLE;
  ALTER TABLE "B21427291"."PHOTOGRAPHER" MODIFY ("EMAIL" NOT NULL ENABLE);
  ALTER TABLE "B21427291"."PHOTOGRAPHER" MODIFY ("NAME" NOT NULL ENABLE);
  ALTER TABLE "B21427291"."PHOTOGRAPHER" MODIFY ("ITEMID" NOT NULL ENABLE);
--------------------------------------------------------
--  Constraints for Table PUBLISHER
--------------------------------------------------------

  ALTER TABLE "B21427291"."PUBLISHER" MODIFY ("ITEMID" NOT NULL ENABLE);
  ALTER TABLE "B21427291"."PUBLISHER" ADD PRIMARY KEY ("ID")
  USING INDEX PCTFREE 10 INITRANS 2 MAXTRANS 255 COMPUTE STATISTICS 
  STORAGE(INITIAL 65536 NEXT 1048576 MINEXTENTS 1 MAXEXTENTS 2147483645
  PCTINCREASE 0 FREELISTS 1 FREELIST GROUPS 1
  BUFFER_POOL DEFAULT FLASH_CACHE DEFAULT CELL_FLASH_CACHE DEFAULT)
  TABLESPACE "USERS"  ENABLE;
  ALTER TABLE "B21427291"."PUBLISHER" MODIFY ("EMAIL" NOT NULL ENABLE);
  ALTER TABLE "B21427291"."PUBLISHER" MODIFY ("NAME" NOT NULL ENABLE);
--------------------------------------------------------
--  Constraints for Table SUPERUSERREQUEST
--------------------------------------------------------

  ALTER TABLE "B21427291"."SUPERUSERREQUEST" ADD PRIMARY KEY ("EMAIL")
  USING INDEX PCTFREE 10 INITRANS 2 MAXTRANS 255 COMPUTE STATISTICS 
  STORAGE(INITIAL 65536 NEXT 1048576 MINEXTENTS 1 MAXEXTENTS 2147483645
  PCTINCREASE 0 FREELISTS 1 FREELIST GROUPS 1
  BUFFER_POOL DEFAULT FLASH_CACHE DEFAULT CELL_FLASH_CACHE DEFAULT)
  TABLESPACE "USERS"  ENABLE;
--------------------------------------------------------
--  Constraints for Table UKEEP
--------------------------------------------------------

  ALTER TABLE "B21427291"."UKEEP" ADD PRIMARY KEY ("USEREMAIL", "UPLOADID")
  USING INDEX PCTFREE 10 INITRANS 2 MAXTRANS 255 COMPUTE STATISTICS 
  STORAGE(INITIAL 65536 NEXT 1048576 MINEXTENTS 1 MAXEXTENTS 2147483645
  PCTINCREASE 0 FREELISTS 1 FREELIST GROUPS 1
  BUFFER_POOL DEFAULT FLASH_CACHE DEFAULT CELL_FLASH_CACHE DEFAULT)
  TABLESPACE "USERS"  ENABLE;
--------------------------------------------------------
--  Constraints for Table UPLOAD_BOOK
--------------------------------------------------------

  ALTER TABLE "B21427291"."UPLOAD_BOOK" MODIFY ("UPLOADID" NOT NULL ENABLE);
  ALTER TABLE "B21427291"."UPLOAD_BOOK" MODIFY ("LANGUAGE" NOT NULL ENABLE);
  ALTER TABLE "B21427291"."UPLOAD_BOOK" MODIFY ("AUTHOREMAIL" NOT NULL ENABLE);
  ALTER TABLE "B21427291"."UPLOAD_BOOK" MODIFY ("AUTHORNAME" NOT NULL ENABLE);
  ALTER TABLE "B21427291"."UPLOAD_BOOK" MODIFY ("PUBLISHEREMAIL" NOT NULL ENABLE);
  ALTER TABLE "B21427291"."UPLOAD_BOOK" MODIFY ("PUBLISHERNAME" NOT NULL ENABLE);
  ALTER TABLE "B21427291"."UPLOAD_BOOK" MODIFY ("NUMBEROFPAGES" NOT NULL ENABLE);
--------------------------------------------------------
--  Constraints for Table UPLOAD_CARICATURE
--------------------------------------------------------

  ALTER TABLE "B21427291"."UPLOAD_CARICATURE" MODIFY ("UPLOADID" NOT NULL ENABLE);
  ALTER TABLE "B21427291"."UPLOAD_CARICATURE" MODIFY ("LANGUAGE" NOT NULL ENABLE);
  ALTER TABLE "B21427291"."UPLOAD_CARICATURE" MODIFY ("CARICATURISTNAME" NOT NULL ENABLE);
  ALTER TABLE "B21427291"."UPLOAD_CARICATURE" MODIFY ("UPLOADERNAME" NOT NULL ENABLE);
--------------------------------------------------------
--  Constraints for Table UPLOAD_ITEM
--------------------------------------------------------

  ALTER TABLE "B21427291"."UPLOAD_ITEM" ADD PRIMARY KEY ("UPLOADID")
  USING INDEX PCTFREE 10 INITRANS 2 MAXTRANS 255 COMPUTE STATISTICS 
  STORAGE(INITIAL 65536 NEXT 1048576 MINEXTENTS 1 MAXEXTENTS 2147483645
  PCTINCREASE 0 FREELISTS 1 FREELIST GROUPS 1
  BUFFER_POOL DEFAULT FLASH_CACHE DEFAULT CELL_FLASH_CACHE DEFAULT)
  TABLESPACE "USERS"  ENABLE;
--------------------------------------------------------
--  Constraints for Table UPLOAD_WALLPAPER
--------------------------------------------------------

  ALTER TABLE "B21427291"."UPLOAD_WALLPAPER" MODIFY ("UPLOADID" NOT NULL ENABLE);
  ALTER TABLE "B21427291"."UPLOAD_WALLPAPER" MODIFY ("PHOTOGRAPHERNAME" NOT NULL ENABLE);
--------------------------------------------------------
--  Constraints for Table UPLOADER
--------------------------------------------------------

  ALTER TABLE "B21427291"."UPLOADER" ADD PRIMARY KEY ("ID")
  USING INDEX PCTFREE 10 INITRANS 2 MAXTRANS 255 COMPUTE STATISTICS 
  STORAGE(INITIAL 65536 NEXT 1048576 MINEXTENTS 1 MAXEXTENTS 2147483645
  PCTINCREASE 0 FREELISTS 1 FREELIST GROUPS 1
  BUFFER_POOL DEFAULT FLASH_CACHE DEFAULT CELL_FLASH_CACHE DEFAULT)
  TABLESPACE "USERS"  ENABLE;
  ALTER TABLE "B21427291"."UPLOADER" MODIFY ("EMAIL" NOT NULL ENABLE);
  ALTER TABLE "B21427291"."UPLOADER" MODIFY ("NAME" NOT NULL ENABLE);
  ALTER TABLE "B21427291"."UPLOADER" MODIFY ("ITEMID" NOT NULL ENABLE);
--------------------------------------------------------
--  Constraints for Table USER1
--------------------------------------------------------

  ALTER TABLE "B21427291"."USER1" ADD PRIMARY KEY ("EMAIL")
  USING INDEX PCTFREE 10 INITRANS 2 MAXTRANS 255 COMPUTE STATISTICS 
  STORAGE(INITIAL 65536 NEXT 1048576 MINEXTENTS 1 MAXEXTENTS 2147483645
  PCTINCREASE 0 FREELISTS 1 FREELIST GROUPS 1
  BUFFER_POOL DEFAULT FLASH_CACHE DEFAULT CELL_FLASH_CACHE DEFAULT)
  TABLESPACE "USERS"  ENABLE;
--------------------------------------------------------
--  Constraints for Table USER2
--------------------------------------------------------

  ALTER TABLE "B21427291"."USER2" MODIFY ("SUPERMEMBERSHIPDATE" NOT NULL ENABLE);
  ALTER TABLE "B21427291"."USER2" ADD PRIMARY KEY ("EMAIL")
  USING INDEX PCTFREE 10 INITRANS 2 MAXTRANS 255 COMPUTE STATISTICS 
  STORAGE(INITIAL 65536 NEXT 1048576 MINEXTENTS 1 MAXEXTENTS 2147483645
  PCTINCREASE 0 FREELISTS 1 FREELIST GROUPS 1
  BUFFER_POOL DEFAULT FLASH_CACHE DEFAULT CELL_FLASH_CACHE DEFAULT)
  TABLESPACE "USERS"  ENABLE;
--------------------------------------------------------
--  Constraints for Table USERS
--------------------------------------------------------

  ALTER TABLE "B21427291"."USERS" ADD UNIQUE ("PHONENUMBER")
  USING INDEX PCTFREE 10 INITRANS 2 MAXTRANS 255 COMPUTE STATISTICS 
  STORAGE(INITIAL 65536 NEXT 1048576 MINEXTENTS 1 MAXEXTENTS 2147483645
  PCTINCREASE 0 FREELISTS 1 FREELIST GROUPS 1
  BUFFER_POOL DEFAULT FLASH_CACHE DEFAULT CELL_FLASH_CACHE DEFAULT)
  TABLESPACE "USERS"  ENABLE;
  ALTER TABLE "B21427291"."USERS" MODIFY ("MEMBERSHIPDATE" NOT NULL ENABLE);
  ALTER TABLE "B21427291"."USERS" MODIFY ("ADDRESS" NOT NULL ENABLE);
  ALTER TABLE "B21427291"."USERS" ADD PRIMARY KEY ("EMAIL")
  USING INDEX PCTFREE 10 INITRANS 2 MAXTRANS 255 COMPUTE STATISTICS 
  STORAGE(INITIAL 65536 NEXT 1048576 MINEXTENTS 1 MAXEXTENTS 2147483645
  PCTINCREASE 0 FREELISTS 1 FREELIST GROUPS 1
  BUFFER_POOL DEFAULT FLASH_CACHE DEFAULT CELL_FLASH_CACHE DEFAULT)
  TABLESPACE "USERS"  ENABLE;
  ALTER TABLE "B21427291"."USERS" MODIFY ("PHONENUMBER" NOT NULL ENABLE);
  ALTER TABLE "B21427291"."USERS" MODIFY ("SURNAME" NOT NULL ENABLE);
  ALTER TABLE "B21427291"."USERS" MODIFY ("NAME" NOT NULL ENABLE);
  ALTER TABLE "B21427291"."USERS" MODIFY ("PASSWORD" NOT NULL ENABLE);
--------------------------------------------------------
--  Constraints for Table WALLPAPER
--------------------------------------------------------

  ALTER TABLE "B21427291"."WALLPAPER" ADD PRIMARY KEY ("ID")
  USING INDEX PCTFREE 10 INITRANS 2 MAXTRANS 255 COMPUTE STATISTICS 
  STORAGE(INITIAL 65536 NEXT 1048576 MINEXTENTS 1 MAXEXTENTS 2147483645
  PCTINCREASE 0 FREELISTS 1 FREELIST GROUPS 1
  BUFFER_POOL DEFAULT FLASH_CACHE DEFAULT CELL_FLASH_CACHE DEFAULT)
  TABLESPACE "USERS"  ENABLE;
--------------------------------------------------------
--  Ref Constraints for Table ADD_SUBJECT_BOOK
--------------------------------------------------------

  ALTER TABLE "B21427291"."ADD_SUBJECT_BOOK" ADD CONSTRAINT "ADDSUBJECTBOOKTOADMIN1" FOREIGN KEY ("ADMINEMAIL")
	  REFERENCES "B21427291"."ADMIN1" ("EMAIL") ENABLE;
  ALTER TABLE "B21427291"."ADD_SUBJECT_BOOK" ADD CONSTRAINT "ADDSUBJECTBOOKTOBOOK" FOREIGN KEY ("ITEMID")
	  REFERENCES "B21427291"."BOOK" ("ID") ENABLE;
--------------------------------------------------------
--  Ref Constraints for Table ADD_SUBJECT_CARICATURE
--------------------------------------------------------

  ALTER TABLE "B21427291"."ADD_SUBJECT_CARICATURE" ADD CONSTRAINT "ADDSUBJECTCARICATURETOADMIN1" FOREIGN KEY ("ADMINEMAIL")
	  REFERENCES "B21427291"."ADMIN1" ("EMAIL") ENABLE;
  ALTER TABLE "B21427291"."ADD_SUBJECT_CARICATURE" ADD CONSTRAINT "ADDSUBJECTCARICATURETOBOOK" FOREIGN KEY ("ITEMID")
	  REFERENCES "B21427291"."CARICATURE" ("ID") ENABLE;
--------------------------------------------------------
--  Ref Constraints for Table ADD_SUBJECT_WALLPAPER
--------------------------------------------------------

  ALTER TABLE "B21427291"."ADD_SUBJECT_WALLPAPER" ADD CONSTRAINT "ADDSUBJECTWALLPAPERTOADMIN1" FOREIGN KEY ("ADMINEMAIL")
	  REFERENCES "B21427291"."ADMIN1" ("EMAIL") ENABLE;
  ALTER TABLE "B21427291"."ADD_SUBJECT_WALLPAPER" ADD CONSTRAINT "ADDSUBJECTWALLPAPERTOBOOK" FOREIGN KEY ("ITEMID")
	  REFERENCES "B21427291"."WALLPAPER" ("ID") ENABLE;
--------------------------------------------------------
--  Ref Constraints for Table ADMIN1
--------------------------------------------------------

  ALTER TABLE "B21427291"."ADMIN1" ADD CONSTRAINT "ADMIN1TOADMIN" FOREIGN KEY ("EMAIL")
	  REFERENCES "B21427291"."ADMIN" ("EMAIL") ENABLE;
--------------------------------------------------------
--  Ref Constraints for Table ADMIN2
--------------------------------------------------------

  ALTER TABLE "B21427291"."ADMIN2" ADD CONSTRAINT "ADMIN2TOADMIN" FOREIGN KEY ("EMAIL")
	  REFERENCES "B21427291"."ADMIN" ("EMAIL") ENABLE;
--------------------------------------------------------
--  Ref Constraints for Table AUTHOR
--------------------------------------------------------

  ALTER TABLE "B21427291"."AUTHOR" ADD CONSTRAINT "WRITTENBY" FOREIGN KEY ("ITEMID")
	  REFERENCES "B21427291"."BOOK" ("ID") ENABLE;
--------------------------------------------------------
--  Ref Constraints for Table BOOK
--------------------------------------------------------

  ALTER TABLE "B21427291"."BOOK" ADD CONSTRAINT "BOOKTOITEM" FOREIGN KEY ("ID")
	  REFERENCES "B21427291"."ITEM" ("ID") ENABLE;
--------------------------------------------------------
--  Ref Constraints for Table CARICATURE
--------------------------------------------------------

  ALTER TABLE "B21427291"."CARICATURE" ADD CONSTRAINT "CARICATURETOITEM" FOREIGN KEY ("ID")
	  REFERENCES "B21427291"."ITEM" ("ID") ENABLE;
--------------------------------------------------------
--  Ref Constraints for Table CARICATURIST
--------------------------------------------------------

  ALTER TABLE "B21427291"."CARICATURIST" ADD CONSTRAINT "DRAWBY" FOREIGN KEY ("ITEMID")
	  REFERENCES "B21427291"."CARICATURE" ("ID") ENABLE;
--------------------------------------------------------
--  Ref Constraints for Table DOWNLOADHISTORY
--------------------------------------------------------

  ALTER TABLE "B21427291"."DOWNLOADHISTORY" ADD CONSTRAINT "DOWNLOADHISTORYTOITEM" FOREIGN KEY ("ITEMID")
	  REFERENCES "B21427291"."ITEM" ("ID") ENABLE;
  ALTER TABLE "B21427291"."DOWNLOADHISTORY" ADD CONSTRAINT "DOWNLOADHISTORYTOUSER" FOREIGN KEY ("USEREMAIL")
	  REFERENCES "B21427291"."USERS" ("EMAIL") ENABLE;
--------------------------------------------------------
--  Ref Constraints for Table DOWNLOADITEMADMIN
--------------------------------------------------------

  ALTER TABLE "B21427291"."DOWNLOADITEMADMIN" ADD CONSTRAINT "DOWNLOADITEMADMINTOADMIN" FOREIGN KEY ("ADMINEMAIL")
	  REFERENCES "B21427291"."ADMIN" ("EMAIL") ENABLE;
  ALTER TABLE "B21427291"."DOWNLOADITEMADMIN" ADD CONSTRAINT "DOWNLOADITEMADMINTOITEM" FOREIGN KEY ("ITEMID")
	  REFERENCES "B21427291"."ITEM" ("ID") ENABLE;
--------------------------------------------------------
--  Ref Constraints for Table DOWNLOADITEMUSER
--------------------------------------------------------

  ALTER TABLE "B21427291"."DOWNLOADITEMUSER" ADD CONSTRAINT "DOWNLOADITEMUSERTOADMIN" FOREIGN KEY ("USEREMAIL")
	  REFERENCES "B21427291"."ADMIN" ("EMAIL") ENABLE;
  ALTER TABLE "B21427291"."DOWNLOADITEMUSER" ADD CONSTRAINT "DOWNLOADITEMUSERTOITEM" FOREIGN KEY ("ITEMID")
	  REFERENCES "B21427291"."ITEM" ("ID") ENABLE;
--------------------------------------------------------
--  Ref Constraints for Table PHOTOGRAPHER
--------------------------------------------------------

  ALTER TABLE "B21427291"."PHOTOGRAPHER" ADD CONSTRAINT "PHOTOGRAPHEDBY" FOREIGN KEY ("ITEMID")
	  REFERENCES "B21427291"."WALLPAPER" ("ID") ENABLE;
--------------------------------------------------------
--  Ref Constraints for Table PUBLISHER
--------------------------------------------------------

  ALTER TABLE "B21427291"."PUBLISHER" ADD CONSTRAINT "PUBLISHEDBY" FOREIGN KEY ("ITEMID")
	  REFERENCES "B21427291"."BOOK" ("ID") ENABLE;
--------------------------------------------------------
--  Ref Constraints for Table UKEEP
--------------------------------------------------------

  ALTER TABLE "B21427291"."UKEEP" ADD CONSTRAINT "UKEEPTOUPLOADITEM" FOREIGN KEY ("UPLOADID")
	  REFERENCES "B21427291"."UPLOAD_ITEM" ("UPLOADID") ENABLE;
  ALTER TABLE "B21427291"."UKEEP" ADD CONSTRAINT "UKEEPTOUSER2" FOREIGN KEY ("USEREMAIL")
	  REFERENCES "B21427291"."USER2" ("EMAIL") ENABLE;
--------------------------------------------------------
--  Ref Constraints for Table UPLOAD_BOOK
--------------------------------------------------------

  ALTER TABLE "B21427291"."UPLOAD_BOOK" ADD CONSTRAINT "UPLOADBOOKTOUPLOADITEM" FOREIGN KEY ("UPLOADID")
	  REFERENCES "B21427291"."UPLOAD_ITEM" ("UPLOADID") ENABLE;
--------------------------------------------------------
--  Ref Constraints for Table UPLOAD_CARICATURE
--------------------------------------------------------

  ALTER TABLE "B21427291"."UPLOAD_CARICATURE" ADD CONSTRAINT "UPLOADCARICATURETOUPLOADITEM" FOREIGN KEY ("UPLOADID")
	  REFERENCES "B21427291"."UPLOAD_ITEM" ("UPLOADID") ENABLE;
--------------------------------------------------------
--  Ref Constraints for Table UPLOAD_WALLPAPER
--------------------------------------------------------

  ALTER TABLE "B21427291"."UPLOAD_WALLPAPER" ADD CONSTRAINT "UPLOADWALLPAPERTOUPLOADITEM" FOREIGN KEY ("UPLOADID")
	  REFERENCES "B21427291"."UPLOAD_ITEM" ("UPLOADID") ENABLE;
--------------------------------------------------------
--  Ref Constraints for Table UPLOADER
--------------------------------------------------------

  ALTER TABLE "B21427291"."UPLOADER" ADD CONSTRAINT "UPLOADBY" FOREIGN KEY ("ITEMID")
	  REFERENCES "B21427291"."CARICATURE" ("ID") ENABLE;
--------------------------------------------------------
--  Ref Constraints for Table USER1
--------------------------------------------------------

  ALTER TABLE "B21427291"."USER1" ADD CONSTRAINT "USER1TOUSERS" FOREIGN KEY ("EMAIL")
	  REFERENCES "B21427291"."USERS" ("EMAIL") ENABLE;
--------------------------------------------------------
--  Ref Constraints for Table USER2
--------------------------------------------------------

  ALTER TABLE "B21427291"."USER2" ADD CONSTRAINT "USER2TOUSERS" FOREIGN KEY ("EMAIL")
	  REFERENCES "B21427291"."USERS" ("EMAIL") ENABLE;
--------------------------------------------------------
--  Ref Constraints for Table WALLPAPER
--------------------------------------------------------

  ALTER TABLE "B21427291"."WALLPAPER" ADD CONSTRAINT "WALLPAPERTOITEM" FOREIGN KEY ("ID")
	  REFERENCES "B21427291"."ITEM" ("ID") ENABLE;
--------------------------------------------------------
--  DDL for Trigger AUTHOR_AUTOINCREMENT
--------------------------------------------------------

  CREATE OR REPLACE EDITIONABLE TRIGGER "B21427291"."AUTHOR_AUTOINCREMENT" 
BEFORE INSERT ON author
FOR EACH ROW
BEGIN
IF :new.ID IS NULL THEN 
SELECT authorcount.NEXTVAL 
INTO :new.ID
FROM dual;
END IF;
END;
/
ALTER TRIGGER "B21427291"."AUTHOR_AUTOINCREMENT" ENABLE;
--------------------------------------------------------
--  DDL for Trigger CARICATURIST_AUTOINCREMENT
--------------------------------------------------------

  CREATE OR REPLACE EDITIONABLE TRIGGER "B21427291"."CARICATURIST_AUTOINCREMENT" 
BEFORE INSERT ON caricaturist
FOR EACH ROW
BEGIN
IF :new.ID IS NULL THEN 
SELECT caricaturistcount.NEXTVAL 
INTO :new.ID
FROM dual;
END IF;
END;
/
ALTER TRIGGER "B21427291"."CARICATURIST_AUTOINCREMENT" ENABLE;
--------------------------------------------------------
--  DDL for Trigger ITEM_AUTOINCREMENT
--------------------------------------------------------

  CREATE OR REPLACE EDITIONABLE TRIGGER "B21427291"."ITEM_AUTOINCREMENT" 
BEFORE INSERT ON ITEM
FOR EACH ROW
BEGIN
IF :new.ID IS NULL THEN 
SELECT itemcount.NEXTVAL 
INTO :new.ID
FROM dual;
END IF;
END;
/
ALTER TRIGGER "B21427291"."ITEM_AUTOINCREMENT" ENABLE;
--------------------------------------------------------
--  DDL for Trigger PHOTOGRAPHER_AUTOINCREMENT
--------------------------------------------------------

  CREATE OR REPLACE EDITIONABLE TRIGGER "B21427291"."PHOTOGRAPHER_AUTOINCREMENT" 
BEFORE INSERT ON photographer
FOR EACH ROW
BEGIN
IF :new.ID IS NULL THEN 
SELECT photographercount.NEXTVAL 
INTO :new.ID
FROM dual;
END IF;
END;
/
ALTER TRIGGER "B21427291"."PHOTOGRAPHER_AUTOINCREMENT" ENABLE;
--------------------------------------------------------
--  DDL for Trigger PUBLISHER_AUTOINCREMENT
--------------------------------------------------------

  CREATE OR REPLACE EDITIONABLE TRIGGER "B21427291"."PUBLISHER_AUTOINCREMENT" 
BEFORE INSERT ON publisher
FOR EACH ROW
BEGIN 
IF :new.ID IS NULL THEN 
SELECT publishercount.NEXTVAL 
INTO :new.ID
FROM dual;
END IF;
END;
/
ALTER TRIGGER "B21427291"."PUBLISHER_AUTOINCREMENT" ENABLE;
--------------------------------------------------------
--  DDL for Trigger UPLOADITEM_AUTOINCREMENT
--------------------------------------------------------

  CREATE OR REPLACE EDITIONABLE TRIGGER "B21427291"."UPLOADITEM_AUTOINCREMENT" 
BEFORE INSERT ON upload_item
FOR EACH ROW
BEGIN 
IF :new.uploadid IS NULL THEN 
SELECT uploaditemcount.NEXTVAL 
INTO :new.uploadid
FROM dual;
END IF;
END;
/
ALTER TRIGGER "B21427291"."UPLOADITEM_AUTOINCREMENT" ENABLE;
--------------------------------------------------------
--  DDL for Trigger UPLOADER_AUTOINCREMENT
--------------------------------------------------------

  CREATE OR REPLACE EDITIONABLE TRIGGER "B21427291"."UPLOADER_AUTOINCREMENT" 
BEFORE INSERT ON uploader
FOR EACH ROW
BEGIN 
IF :new.ID IS NULL THEN 
SELECT uploadercount.NEXTVAL 
INTO :new.ID
FROM dual;
END IF;
END;
/
ALTER TRIGGER "B21427291"."UPLOADER_AUTOINCREMENT" ENABLE;
